season,home_team,away_team,starting_min,home_players,away_players,predicted_player,confidence,true_player,true_player_rank,true_player_probability,correct
2007,IND,BOS,18,"['Danny Granger', 'Darrell Armstrong', 'Keith McLeod', 'Mike Dunleavy']","['Allan Ray', 'Gerald Green', 'Kendrick Perkins', 'Ryan Gomes', 'Sebastian Telfair']",Jermaine O'Neal,36.40018701553345,Troy Murphy,3.0,14.056769371032715,False
2007,HOU,DAL,16,"['Bonzi Wells', 'Juwan Howard', 'Luther Head', 'Tracy McGrady']","['Austin Croshere', 'Erick Dampier', 'Greg Buckner', 'Jason Terry', 'Josh Howard']",Chuck Hayes,25.059589743614197,Chuck Hayes,1.0,25.059589385986328,True
2007,SAS,POR,39,"['Beno Udrih', 'Bruce Bowen', 'Matt Bonner', 'Tim Duncan']","['Brandon Roy', 'Jamaal Magloire', 'Jarrett Jack', 'Juan Dixon', 'Zach Randolph']",Manu Ginobili,22.772815823554993,Brent Barry,2.0,18.929443359375,False
2007,MIN,BOS,21,"['Kevin Garnett', 'Randy Foye', 'Ricky Davis', 'Trenton Hassell']","['Al Jefferson', 'Brian Scalabrine', 'Delonte West', 'Paul Pierce', 'Ryan Gomes']",Kevin Garnett,35.5131596326828,Craig Smith,3.0,22.162633895874023,False
2007,MEM,LAL,19,"['Chucky Atkins', 'Hakim Warrick', 'Mike Miller', 'Rudy Gay']","['Andrew Bynum', 'Kobe Bryant', 'Lamar Odom', 'Luke Walton', 'Smush Parker']",Darko Milicic,96.0522711277008,Stromile Swift,14.0,0.002492165192961693,False
2007,MIL,CLE,8,"['Andrew Bogut', 'Brian Skinner', 'Michael Redd', 'Mo Williams']","['Anderson Varejao', 'Drew Gooden', 'Eric Snow', 'Larry Hughes', 'LeBron James']",Charlie Bell,27.6822030544281,Charlie Bell,1.0,27.68220329284668,True
2007,MIA,GSW,11,"['Antoine Walker', 'James Posey', 'Jason Kapono', 'Udonis Haslem']","['Andris Biedrins', 'Jason Richardson', 'Matt Barnes', 'Mike Dunleavy', 'Monta Ellis']",Dwyane Wade,26.970288157463074,Dwyane Wade,1.0,26.970287322998047,True
2007,CLE,SAC,37,"['Eric Snow', 'Larry Hughes', 'Sasha Pavlovic', 'Zydrunas Ilgauskas']","['Corliss Williamson', 'Francisco Garcia', 'John Salmons', 'Kevin Martin', 'Shareef Abdur-Rahim']",Anderson Varejao,72.23473787307739,Anderson Varejao,1.0,72.2347412109375,True
2007,GSW,WAS,35,"['Al Harrington', 'Andris Biedrins', 'Baron Davis', 'Monta Ellis']","['Antonio Daniels', 'Darius Songaila', 'Jarvis Hayes', 'Michael Ruffin', 'Roger Mason']",Stephen Jackson,31.178978085517883,Mickael Pietrus,3.0,12.622146606445312,False
2007,DEN,TOR,10,"['Andre Miller', 'Carmelo Anthony', 'Joe Smith', 'Reggie Evans']","['Chris Bosh', 'Joey Graham', 'Jorge Garbajosa', 'Jose Calderon', 'Morris Peterson']",Nene Hilario,10.949451476335526,Yakhouba Diawara,15.0,2.318323850631714,False
2007,MEM,ORL,17,"['Dahntay Jones', 'Hakim Warrick', 'Jake Tsakalidis', 'Kyle Lowry']","['Carlos Arroyo', 'Darko Milicic', 'Grant Hill', 'Hedo Turkoglu', 'Keith Bogans']",Chucky Atkins,31.50230348110199,Damon Stoudamire,5.0,9.542388916015625,False
2007,UTA,HOU,9,"['C.J. Miles', 'Derek Fisher', 'Jarron Collins', 'Matt Harpring']","['Dikembe Mutombo', 'Kirk Snyder', 'Rafer Alston', 'Steve Novak', 'Tracy McGrady']",Jose Calderon,75.69824457168579,Carlos Boozer,93.0,1.0191100950966184e-34,False
2007,UTA,WAS,12,"['Dee Brown', 'Derek Fisher', 'Jarron Collins', 'Matt Harpring']","['Antawn Jamison', 'Donell Taylor', 'Etan Thomas', 'Gilbert Arenas', 'Jarvis Hayes']",Carlos Boozer,59.94157791137695,Paul Millsap,2.0,23.501483917236328,False
2007,POR,SAC,5,"['Joel Przybilla', 'Martell Webster', 'Sergio Rodriguez', 'Zach Randolph']","['Brad Miller', 'Kevin Martin', 'Metta World Peace', 'Mike Bibby', 'Shareef Abdur-Rahim']",Jamaal Magloire,23.794610798358917,Ime Udoka,4.0,13.712305068969727,False
2007,MIA,LAL,37,"['Antoine Walker', 'Dwyane Wade', 'Gary Payton', 'James Posey']","['Jordan Farmar', 'Maurice Evans', 'Ronny Turiaf', 'Sasha Vujacic', 'Vladimir Radmanovic']",Udonis Haslem,55.21514415740967,Michael Doleac,10.0,0.8866035342216492,False
2007,ORL,TOR,26,"['Carlos Arroyo', 'Grant Hill', 'Tony Battie', 'Trevor Ariza']","['Anthony Parker', 'Joey Graham', 'Jorge Garbajosa', 'Rasho Nesterovic', 'T.J. Ford']",Dwight Howard,18.00134778022766,Dwight Howard,1.0,18.0013484954834,True
2007,MIA,NYK,20,"['Alonzo Mourning', 'Dwyane Wade', 'Gary Payton', 'Udonis Haslem']","['Channing Frye', 'Eddy Curry', 'Jamal Crawford', 'Quentin Richardson', 'Stephon Marbury']",Jason Richardson,98.74693155288696,Antoine Walker,259.0,0.0,False
2007,NYK,SAS,23,"['David Lee', 'Malik Rose', 'Mardy Collins', 'Nate Robinson']","['Brent Barry', 'Bruce Bowen', 'Michael Finley', 'Tim Duncan', 'Tony Parker']",Jamal Crawford,26.14770233631134,Quentin Richardson,4.0,6.463964939117432,False
2007,NYK,ORL,37,"['Eddy Curry', 'Jared Jeffries', 'Mardy Collins', 'Stephon Marbury']","['Darko Milicic', 'Dwight Howard', 'J.J. Redick', 'Keyon Dooling', 'Trevor Ariza']",Eddy Curry,13.743971288204193,Renaldo Balkman,8.0,6.7799763679504395,False
2007,DEN,LAC,42,"['Andre Miller', 'Joe Smith', 'Reggie Evans', 'Yakhouba Diawara']","['Corey Maggette', 'Cuttino Mobley', 'Daniel Ewing', 'James Singleton', 'Tim Thomas']",Allen Iverson,19.580252468585968,J.R. Smith,2.0,17.594858169555664,False
2007,DEN,SAC,32,"['Carmelo Anthony', 'J.R. Smith', 'Linas Kleiza', 'Marcus Camby']","['Brad Miller', 'Kevin Martin', 'Metta World Peace', 'Mike Bibby', 'Shareef Abdur-Rahim']",Linas Kleiza,14.63402658700943,Allen Iverson,2.0,13.313033103942871,False
2007,LAL,DEN,14,"['Jordan Farmar', 'Ronny Turiaf', 'Sasha Vujacic', 'Vladimir Radmanovic']","['Allen Iverson', 'Earl Boykins', 'Marcus Camby', 'Reggie Evans', 'Yakhouba Diawara']",Andrew Bynum,47.64716327190399,Maurice Evans,4.0,8.519840240478516,False
2007,NYK,PHI,41,"['Channing Frye', 'Eddy Curry', 'Jared Jeffries', 'Quentin Richardson']","['Andre Iguodala', 'Andre Miller', 'Kyle Korver', 'Samuel Dalembert', 'Willie Green']",Stephon Marbury,66.80299043655396,Stephon Marbury,1.0,66.80299377441406,True
2007,GSW,PHI,22,"['Andris Biedrins', 'Baron Davis', 'Jason Richardson', 'Mike Dunleavy']","['Andre Miller', 'Kevin Ollie', 'Kyle Korver', 'Rodney Carney', 'Samuel Dalembert']",Monta Ellis,13.55953961610794,Matt Barnes,6.0,6.581357002258301,False
2007,POR,DEN,41,"['Jarrett Jack', 'Juan Dixon', 'LaMarcus Aldridge', 'Zach Randolph']","['Carmelo Anthony', 'Eduardo Najera', 'Marcus Camby', 'Steve Blake', 'Yakhouba Diawara']",Martell Webster,19.705061614513397,Martell Webster,1.0,19.705060958862305,True
2007,DET,PHI,11,"['Amir Johnson', 'Chauncey Billups', 'Richard Hamilton', 'Tayshaun Prince']","['Bobby Jones', 'Joe Smith', 'Lou Williams', 'Samuel Dalembert', 'Willie Green']",Rasheed Wallace,31.61989450454712,Chris Webber,5.0,5.260979652404785,False
2007,CLE,MEM,40,"['David Wesley', 'Drew Gooden', 'Eric Snow', 'LeBron James']","['Brian Cardinal', 'Dahntay Jones', 'Damon Stoudamire', 'Lawrence Roberts', 'Mike Miller']",Zydrunas Ilgauskas,33.48544538021088,Damon Jones,8.0,0.2729306221008301,False
2007,WAS,ORL,30,"['Andray Blatche', 'Caron Butler', 'DeShawn Stevenson', 'Gilbert Arenas']","['Dwight Howard', 'Grant Hill', 'Hedo Turkoglu', 'Jameer Nelson', 'Tony Battie']",Antawn Jamison,19.11303400993347,Antawn Jamison,1.0,19.113033294677734,True
2007,HOU,LAL,45,"['Chuck Hayes', 'Dikembe Mutombo', 'John Lucas III', 'Tracy McGrady']","['Jordan Farmar', 'Maurice Evans', 'Ronny Turiaf', 'Sasha Vujacic', 'Vladimir Radmanovic']",Shane Battier,85.74916124343872,Luther Head,2.0,9.985986709594727,False
2007,DET,TOR,35,"['Chauncey Billups', 'Rasheed Wallace', 'Richard Hamilton', 'Tayshaun Prince']","['Andrea Bargnani', 'Anthony Parker', 'Chris Bosh', 'Jose Calderon', 'Morris Peterson']",Chris Webber,36.02767586708069,Antonio McDyess,2.0,17.590778350830078,False
2007,SAC,PHO,34,"['John Salmons', 'Metta World Peace', 'Mike Bibby', 'Shareef Abdur-Rahim']","[""Amar'e Stoudemire"", 'Boris Diaw', 'Raja Bell', 'Shawn Marion', 'Steve Nash']",Darko Milicic,74.25318360328674,Ronnie Price,102.0,2.629272967169527e-05,False
2007,UTA,SEA,18,"['Deron Williams', 'Gordan Giricek', 'Mehmet Okur', 'Paul Millsap']","['Chris Wilcox', 'Damien Wilkins', 'Earl Watson', 'Johan Petro', 'Rashard Lewis']",Matt Harpring,66.15656018257141,Matt Harpring,1.0,66.15656280517578,True
2007,WAS,NYK,24,"['Brendan Haywood', 'Caron Butler', 'DeShawn Stevenson', 'Gilbert Arenas']","['David Lee', 'Jamal Crawford', 'Jared Jeffries', 'Quentin Richardson', 'Stephon Marbury']",Dwight Howard,86.37691140174866,Antawn Jamison,33.0,1.3216098295742995e-06,False
2007,MEM,MIA,7,"['Chucky Atkins', 'Dahntay Jones', 'Hakim Warrick', 'Jake Tsakalidis']","['Antoine Walker', 'Dorell Wright', 'Dwyane Wade', 'Jason Williams', 'Udonis Haslem']",Rudy Gay,12.622493505477905,Mike Miller,3.0,10.395330429077148,False
2007,CHI,PHI,12,"['Ben Gordon', 'Ben Wallace', 'Chris Duhon', 'Tyrus Thomas']","['Andre Iguodala', 'Kevin Ollie', 'Kyle Korver', 'Samuel Dalembert', 'Willie Green']",Luol Deng,24.216337502002716,Luol Deng,1.0,24.216337203979492,True
2007,MIN,NOK,17,"['Craig Smith', 'Mark Madsen', 'Randy Foye', 'Rashad McCants']","['David West', 'Devin Brown', 'Jannero Pargo', 'Marc Jackson', 'Marcus Vinicius']",Darko Milicic,67.33040809631348,Trenton Hassell,300.0,1.4415329485055857e-27,False
2007,HOU,SAC,30,"['Chuck Hayes', 'Rafer Alston', 'Shane Battier', 'Tracy McGrady']","['Kenny Thomas', 'Kevin Martin', 'Metta World Peace', 'Mike Bibby', 'Shareef Abdur-Rahim']",Yao Ming,36.7596834897995,Juwan Howard,4.0,9.597288131713867,False
2007,MIA,IND,13,"['Dwyane Wade', 'Gary Payton', 'James Posey', 'Michael Doleac']","['Jeff Foster', 'Maceo Baston', 'Orien Greene', 'Rawle Marshall', 'Shawne Williams']",Antoine Walker,68.31631660461426,Antoine Walker,1.0,68.31631469726562,True
2007,MIL,DEN,25,"['Andrew Bogut', 'Charlie Villanueva', 'Mo Williams', 'Ruben Patterson']","['Carmelo Anthony', 'Eduardo Najera', 'Linas Kleiza', 'Nene Hilario', 'Steve Blake']",Michael Redd,49.121543765068054,Charlie Bell,2.0,21.559236526489258,False
2007,POR,MIN,39,"['Jamaal Magloire', 'Juan Dixon', 'Martell Webster', 'Sergio Rodriguez']","['Craig Smith', 'Mark Madsen', 'Marko Jaric', 'Randy Foye', 'Ricky Davis']",Travis Outlaw,22.442951798439026,LaMarcus Aldridge,4.0,10.21531867980957,False
2007,CLE,TOR,28,"['Anderson Varejao', 'Larry Hughes', 'LeBron James', 'Sasha Pavlovic']","['Chris Bosh', 'Jorge Garbajosa', 'Morris Peterson', 'Rasho Nesterovic', 'T.J. Ford']",Drew Gooden,30.639317631721497,Zydrunas Ilgauskas,4.0,16.028589248657227,False
2007,CHI,CLE,31,"['Ben Gordon', 'Chris Duhon', 'Luol Deng', 'Malik Allen']","['Donyell Marshall', 'Drew Gooden', 'Eric Snow', 'Larry Hughes', 'LeBron James']",Ben Wallace,23.45099151134491,P.J. Brown,2.0,17.285165786743164,False
2007,LAL,WAS,25,"['Kobe Bryant', 'Kwame Brown', 'Luke Walton', 'Vladimir Radmanovic']","['Antawn Jamison', 'Brendan Haywood', 'Caron Butler', 'DeShawn Stevenson', 'Gilbert Arenas']",Jordan Farmar,47.4256694316864,Smush Parker,2.0,22.680660247802734,False
2007,MIA,LAC,30,"['Alonzo Mourning', 'Gary Payton', 'Jason Kapono', 'Jason Williams']","['Chris Kaman', 'Corey Maggette', 'Elton Brand', 'Quinton Ross', 'Shaun Livingston']",Udonis Haslem,48.31503927707672,Udonis Haslem,1.0,48.315040588378906,True
2007,ORL,NJN,43,"['Bo Outlaw', 'J.J. Redick', 'Pat Garrity', 'Travis Diener']","['Antoine Wright', 'Clifford Robinson', 'Eddie House', 'Josh Boone', 'Marcus Williams']",Darko Milicic,16.107212007045746,Carlos Arroyo,2.0,11.199199676513672,False
2007,UTA,MEM,45,"['Andrei Kirilenko', 'Carlos Boozer', 'Matt Harpring', 'Mehmet Okur']","['Alexander Johnson', 'Chucky Atkins', 'Dahntay Jones', 'Mike Miller', 'Pau Gasol']",Deron Williams,97.327321767807,Deron Williams,1.0,97.32732391357422,True
2007,GSW,PHI,43,"['Andris Biedrins', 'Matt Barnes', 'Mickael Pietrus', 'Mike Dunleavy']","['Bobby Jones', 'Joe Smith', 'Kevin Ollie', 'Lou Williams', 'Rodney Carney']",Baron Davis,26.96186602115631,Baron Davis,1.0,26.96186637878418,True
2007,DEN,MIN,29,"['Carmelo Anthony', 'Eduardo Najera', 'Nene Hilario', 'Steve Blake']","['Craig Smith', 'Justin Reed', 'Randy Foye', 'Ricky Davis', 'Trenton Hassell']",Arron Afflalo,99.99998807907104,Allen Iverson,5.0,4.4891773853805716e-08,False
2007,LAL,NYK,0,"['Andrew Bynum', 'Lamar Odom', 'Smush Parker', 'Vladimir Radmanovic']","['Eddy Curry', 'Jamal Crawford', 'Jerome James', 'Quentin Richardson', 'Stephon Marbury']",Andre Miller,92.60357618331909,Kobe Bryant,10.0,1.7394631290912344e-09,False
2007,NYK,MIA,13,"['David Lee', 'Jamal Crawford', 'Jared Jeffries', 'Nate Robinson']","['Dwyane Wade', 'Jason Kapono', 'Jason Williams', 'Michael Doleac', 'Udonis Haslem']",David Lee,23.810027539730072,Stephon Marbury,4.0,7.930718898773193,False
2007,NYK,IND,8,"['Channing Frye', 'Quentin Richardson', 'Stephon Marbury', 'Steve Francis']","['Jamaal Tinsley', 'Jeff Foster', ""Jermaine O'Neal"", 'Marquis Daniels', 'Stephen Jackson']",Channing Frye,58.41051936149597,Eddy Curry,2.0,18.280620574951172,False
2007,MIL,NOK,9,"['Lynn Greer', 'Michael Redd', 'Mo Williams', 'Ruben Patterson']","['Bobby Jackson', 'Chris Paul', 'David West', 'Desmond Mason', 'Tyson Chandler']",Andrew Bogut,13.824974000453949,Brian Skinner,2.0,13.597339630126953,False
2007,TOR,IND,12,"['Andrea Bargnani', 'Chris Bosh', 'Jose Calderon', 'Rasho Nesterovic']","['Darrell Armstrong', 'Jeff Foster', ""Jermaine O'Neal"", 'Marquis Daniels', 'Mike Dunleavy']",Anthony Parker,85.92345118522644,Anthony Parker,1.0,85.92345428466797,True
2007,MIL,WAS,5,"['Andrew Bogut', 'Brian Skinner', 'Michael Redd', 'Mo Williams']","['Antawn Jamison', 'Antonio Daniels', 'Caron Butler', 'DeShawn Stevenson', 'Gilbert Arenas']",Charlie Bell,40.8661425113678,Charlie Bell,1.0,40.86614227294922,True
2007,GSW,CHA,30,"['Al Harrington', 'Baron Davis', 'Monta Ellis', 'Stephen Jackson']","['Adam Morrison', 'Emeka Okafor', 'Gerald Wallace', 'Jeff McInnis', 'Melvin Ely']",Andris Biedrins,38.91352415084839,Mickael Pietrus,6.0,6.698236465454102,False
2007,NYK,LAL,42,"['David Lee', 'Eddy Curry', 'Jamal Crawford', 'Stephon Marbury']","['Brian Cook', 'Jordan Farmar', 'Maurice Evans', 'Ronny Turiaf', 'Vladimir Radmanovic']",Stephon Marbury,39.39235210418701,Jared Jeffries,7.0,4.743503093719482,False
2007,DEN,UTA,37,"['Allen Iverson', 'Earl Boykins', 'Reggie Evans', 'Yakhouba Diawara']","['Dee Brown', 'Derek Fisher', 'Jarron Collins', 'Matt Harpring', 'Paul Millsap']",Marcus Camby,16.064974665641785,Jamal Sampson,31.0,0.08223450183868408,False
2007,BOS,CHA,26,"['Paul Pierce', 'Ryan Gomes', 'Theo Ratliff', 'Wally Szczerbiak']","['Brevin Knight', 'Emeka Okafor', 'Gerald Wallace', 'Jake Voskuhl', 'Raymond Felton']",Ryan Gomes,13.917440176010132,Sebastian Telfair,13.0,3.0043764114379883,False
2007,DEN,CLE,19,"['J.R. Smith', 'Nene Hilario', 'Steve Blake', 'Yakhouba Diawara']","['Daniel Gibson', 'Drew Gooden', 'Larry Hughes', 'LeBron James', 'Zydrunas Ilgauskas']",Marcus Camby,15.501175820827484,Marcus Camby,1.0,15.501175880432129,True
2007,SAC,DEN,46,"['Brad Miller', 'John Salmons', 'Kevin Martin', 'Metta World Peace']","['Allen Iverson', 'Carmelo Anthony', 'Linas Kleiza', 'Marcus Camby', 'Steve Blake']",Arron Afflalo,65.43835401535034,Francisco Garcia,129.0,2.002152688550875e-16,False
2007,WAS,DAL,25,"['Antawn Jamison', 'Caron Butler', 'DeShawn Stevenson', 'Etan Thomas']","['Devin Harris', 'Dirk Nowitzki', 'Erick Dampier', 'Jason Terry', 'Josh Howard']",Gilbert Arenas,84.03672575950623,Gilbert Arenas,1.0,84.03672790527344,True
2007,SAS,SAC,37,"['Bruce Bowen', 'Fabricio Oberto', 'Jacque Vaughn', 'Michael Finley']","['Francisco Garcia', 'John Salmons', 'Justin Williams', 'Kevin Martin', 'Ronnie Price']",Tim Duncan,62.0435357093811,Manu Ginobili,6.0,1.3577888011932373,False
2007,PHO,DAL,43,"[""Amar'e Stoudemire"", 'Leandro Barbosa', 'Raja Bell', 'Shawn Marion']","['Devean George', 'Dirk Nowitzki', 'Jason Terry', 'Jerry Stackhouse', 'Josh Howard']",Steve Nash,99.7032880783081,Steve Nash,1.0,99.70328521728516,True
2007,WAS,DET,41,"['Antonio Daniels', 'Etan Thomas', 'Gilbert Arenas', 'Jarvis Hayes']","['Antonio McDyess', 'Carlos Delfino', 'Chauncey Billups', 'Chris Webber', 'Lindsey Hunter']",Jarvis Hayes,24.483591318130493,Caron Butler,2.0,24.466856002807617,False
2007,CHI,NJN,43,"['Chris Duhon', 'Kirk Hinrich', 'Malik Allen', 'Thabo Sefolosha']","['Antoine Wright', 'Bostjan Nachbar', 'Hassan Adams', 'Josh Boone', 'Marcus Williams']",P.J. Brown,17.25691705942154,Ben Gordon,8.0,6.753945350646973,False
2007,DET,NYK,24,"['Chauncey Billups', 'Richard Hamilton', 'Ronald Murray', 'Tayshaun Prince']","['Eddy Curry', 'Jamal Crawford', 'Quentin Richardson', 'Stephon Marbury', 'Steve Francis']",Rasheed Wallace,39.80005383491516,Carlos Delfino,10.0,0.06257060170173645,False
2007,MIL,MEM,39,"['Charlie Bell', 'Charlie Villanueva', 'Dan Gadzuric', 'Steve Blake']","['Brian Cardinal', 'Damon Stoudamire', 'Hakim Warrick', 'Rudy Gay', 'Tarence Kinsey']",Michael Redd,16.923844814300537,David Noel,13.0,2.307089328765869,False
2007,HOU,SAS,44,"['John Lucas III', 'Kirk Snyder', 'Steve Novak', 'Vassilis Spanoulis']","['Beno Udrih', 'Fabricio Oberto', 'Jacque Vaughn', 'Matt Bonner', 'Melvin Ely']",Dikembe Mutombo,18.190106749534607,Jake Tsakalidis,12.0,2.82637357711792,False
2007,PHO,CHI,34,"['James Jones', 'Leandro Barbosa', 'Raja Bell', 'Shawn Marion']","['Ben Gordon', 'Ben Wallace', 'Chris Duhon', 'Kirk Hinrich', 'Luol Deng']",Amar'e Stoudemire,28.933122754096985,Amar'e Stoudemire,1.0,28.933122634887695,True
2007,LAC,MEM,43,"['Corey Maggette', 'Elton Brand', 'Quinton Ross', 'Tim Thomas']","['Chucky Atkins', 'Dahntay Jones', 'Hakim Warrick', 'Lawrence Roberts', 'Mike Miller']",Sam Cassell,34.31130051612854,Sam Cassell,1.0,34.311302185058594,True
2007,LAC,DAL,30,"['Cuttino Mobley', 'Elton Brand', 'Quinton Ross', 'Sam Cassell']","['Anthony Johnson', 'Dirk Nowitzki', 'Erick Dampier', 'Jason Terry', 'Jerry Stackhouse']",Corey Maggette,20.830364525318146,Shaun Livingston,5.0,6.774467945098877,False
2007,UTA,CLE,11,"['Derek Fisher', 'Matt Harpring', 'Mehmet Okur', 'Paul Millsap']","['Anderson Varejao', 'Donyell Marshall', 'Eric Snow', 'LeBron James', 'Sasha Pavlovic']",Deron Williams,50.40766000747681,Gordan Giricek,2.0,15.616480827331543,False
2007,CHI,MEM,10,"['Ben Gordon', 'Kirk Hinrich', 'Luol Deng', 'Viktor Khryapa']","['Chucky Atkins', 'Dahntay Jones', 'Hakim Warrick', 'Lawrence Roberts', 'Mike Miller']",Ben Wallace,29.018712043762207,Mike Sweetney,8.0,3.703568458557129,False
2007,GSW,UTA,21,"['Al Harrington', 'Baron Davis', 'Matt Barnes', 'Monta Ellis']","['Carlos Boozer', 'Derek Fisher', 'Deron Williams', 'Matt Harpring', 'Mehmet Okur']",Stephen Jackson,15.557973086833954,Stephen Jackson,1.0,15.55797290802002,True
2007,LAL,GSW,39,"['Kobe Bryant', 'Lamar Odom', 'Ronny Turiaf', 'Sasha Vujacic']","['Al Harrington', 'Andris Biedrins', 'Baron Davis', 'Monta Ellis', 'Stephen Jackson']",Shannon Brown,32.538631558418274,Shammond Williams,56.0,0.0002291307901032269,False
2007,DEN,ATL,19,"['Andre Miller', 'Carmelo Anthony', 'Eduardo Najera', 'Linas Kleiza']","['Joe Johnson', 'Josh Smith', 'Lorenzen Wright', 'Salim Stoudamire', 'Tyronn Lue']",Marcus Camby,36.41509711742401,Earl Boykins,15.0,0.9500831365585327,False
2007,NYK,PHO,14,"['David Lee', 'Eddy Curry', 'Jamal Crawford', 'Renaldo Balkman']","['Boris Diaw', 'James Jones', 'Jumaine Jones', 'Leandro Barbosa', 'Raja Bell']",Stephon Marbury,76.00247859954834,Nate Robinson,3.0,6.339011192321777,False
2007,NYK,TOR,11,"['Channing Frye', 'Jared Jeffries', 'Nate Robinson', 'Renaldo Balkman']","['Andrea Bargnani', 'Chris Bosh', 'Joey Graham', 'Juan Dixon', 'T.J. Ford']",Eddy Curry,20.206941664218903,Steve Francis,4.0,7.660104274749756,False
2007,ATL,UTA,16,"['Joe Johnson', 'Salim Stoudamire', 'Shelden Williams', 'Speedy Claxton']","['Carlos Boozer', 'Deron Williams', 'Gordan Giricek', 'Matt Harpring', 'Mehmet Okur']",Josh Smith,34.18900668621063,Josh Smith,1.0,34.18900680541992,True
2007,MIL,SAC,24,"['Andrew Bogut', 'Michael Redd', 'Mo Williams', 'Ruben Patterson']","['John Salmons', 'Kenny Thomas', 'Kevin Martin', 'Mike Bibby', 'Shareef Abdur-Rahim']",Ruben Patterson,14.161716401576996,Charlie Villanueva,8.0,6.060190677642822,False
2007,BOS,ATL,41,"['Delonte West', 'Gerald Green', 'Kendrick Perkins', 'Ryan Gomes']","['Joe Johnson', 'Josh Childress', 'Marvin Williams', 'Shelden Williams', 'Zaza Pachulia']",Al Jefferson,20.78472375869751,Rajon Rondo,13.0,3.0466299057006836,False
2007,ATL,MIL,36,"['Josh Childress', 'Salim Stoudamire', 'Shelden Williams', 'Tyronn Lue']","['Andrew Bogut', 'Charlie Bell', 'Ersan Ilyasova', 'Michael Redd', 'Steve Blake']",Solomon Jones,26.377537846565247,Lorenzen Wright,3.0,19.081254959106445,False
2007,IND,LAC,22,"['Jamaal Tinsley', ""Jermaine O'Neal"", 'Mike Dunleavy', 'Troy Murphy']","['Chris Kaman', 'Corey Maggette', 'Cuttino Mobley', 'Elton Brand', 'Shaun Livingston']",Danny Granger,84.09250378608704,Danny Granger,1.0,84.0925064086914,True
2007,CHI,NJN,34,"['Andres Nocioni', 'Chris Duhon', 'Kirk Hinrich', 'P.J. Brown']","['Bostjan Nachbar', 'Jason Kidd', 'Mikki Moore', 'Richard Jefferson', 'Vince Carter']",Luol Deng,29.359883069992065,Ben Gordon,4.0,8.821149826049805,False
2007,CLE,IND,13,"['Anderson Varejao', 'Donyell Marshall', 'LeBron James', 'Shannon Brown']","['Darrell Armstrong', 'Ike Diogu', 'Jeff Foster', 'Mike Dunleavy', 'Orien Greene']",Larry Hughes,38.36534023284912,Eric Snow,2.0,22.94994354248047,False
2007,BOS,CLE,21,"['Al Jefferson', 'Kendrick Perkins', 'Rajon Rondo', 'Ryan Gomes']","['Anderson Varejao', 'Eric Snow', 'Sasha Pavlovic', 'Shannon Brown', 'Zydrunas Ilgauskas']",Delonte West,15.435174107551575,Gerald Green,2.0,15.142980575561523,False
2007,NYK,BOS,14,"['Jared Jeffries', 'Malik Rose', 'Nate Robinson', 'Stephon Marbury']","['Brian Scalabrine', 'Delonte West', 'Gerald Green', 'Leon Powe', 'Rajon Rondo']",Kurt Thomas,71.62067890167236,David Lee,35.0,0.013869959861040115,False
2007,POR,ORL,13,"['Jamaal Magloire', 'LaMarcus Aldridge', 'Sergio Rodriguez', 'Travis Outlaw']","['Carlos Arroyo', 'Darko Milicic', 'Dwight Howard', 'Hedo Turkoglu', 'Keyon Dooling']",Brandon Roy,23.38455617427826,Juan Dixon,2.0,18.601577758789062,False
2007,MIA,SAC,30,"['Antoine Walker', 'Eddie Jones', 'James Posey', 'Jason Williams']","['Brad Miller', 'Kevin Martin', 'Metta World Peace', 'Mike Bibby', 'Shareef Abdur-Rahim']",Antoine Walker,20.040689408779144,Shaquille O'Neal,6.0,6.3439435958862305,False
2007,LAL,PHO,13,"['Brian Cook', 'Lamar Odom', 'Sasha Vujacic', 'Vladimir Radmanovic']","['Boris Diaw', 'James Jones', 'Kurt Thomas', 'Leandro Barbosa', 'Marcus Banks']",Marvin Williams,10.876164585351944,Jordan Farmar,31.0,0.9030255675315857,False
2007,CHI,MEM,21,"['Ben Gordon', 'Chris Duhon', 'Kirk Hinrich', 'Mike Sweetney']","['Chucky Atkins', 'Lawrence Roberts', 'Mike Miller', 'Pau Gasol', 'Rudy Gay']",Luol Deng,35.06566286087036,Luol Deng,1.0,35.0656623840332,True
2007,MIN,LAC,40,"['Bracey Wright', 'Craig Smith', 'Kevin Garnett', 'Randy Foye']","['Elton Brand', 'Quinton Ross', 'Sam Cassell', 'Shaun Livingston', 'Tim Thomas']",Troy Hudson,10.557457059621811,Ricky Davis,3.0,8.1431884765625,False
2007,GSW,MIN,35,"['Baron Davis', 'Jason Richardson', 'Mickael Pietrus', 'Stephen Jackson']","['Craig Smith', 'Kevin Garnett', 'Randy Foye', 'Rashad McCants', 'Ricky Davis']",Andris Biedrins,42.252132296562195,Andris Biedrins,1.0,42.252132415771484,True
2007,PHI,DET,18,"['Alan Henderson', 'Andre Iguodala', 'Andre Miller', 'Willie Green']","['Carlos Delfino', 'Dale Davis', 'Rasheed Wallace', 'Ronald Murray', 'Will Blalock']",Lou Williams,38.336145877838135,Samuel Dalembert,12.0,0.47160378098487854,False
2007,CHI,CHA,16,"['Andres Nocioni', 'Ben Gordon', 'Kirk Hinrich', 'Tyrus Thomas']","['Alan Anderson', 'Emeka Okafor', 'Jeff McInnis', 'Raymond Felton', 'Walter Herrmann']",Luol Deng,61.93438768386841,P.J. Brown,55.0,0.0024169711396098137,False
2007,GSW,MEM,28,"['Andris Biedrins', 'Jason Richardson', 'Monta Ellis', 'Stephen Jackson']","['Hakim Warrick', 'Junior Harrington', 'Pau Gasol', 'Rudy Gay', 'Tarence Kinsey']",Andris Biedrins,9.35198962688446,Matt Barnes,7.0,4.065385818481445,False
2007,CHI,POR,11,"['Adrian Griffin', 'Ben Wallace', 'Luol Deng', 'Thabo Sefolosha']","['Fred Jones', 'Ime Udoka', 'Jamaal Magloire', 'Sergio Rodriguez', 'Travis Outlaw']",Kirk Hinrich,72.58660197257996,Chris Duhon,6.0,1.4230108261108398,False
2007,MIN,DEN,44,"['Craig Smith', 'Kevin Garnett', 'Rashad McCants', 'Ricky Davis']","['Carmelo Anthony', 'J.R. Smith', 'Marcus Camby', 'Nene Hilario', 'Steve Blake']",Al Jefferson,30.16311228275299,Randy Foye,5.0,9.532191276550293,False
2007,UTA,TOR,13,"['Derek Fisher', 'Deron Williams', 'Jarron Collins', 'Paul Millsap']","['Andrea Bargnani', 'Fred Jones', 'Jorge Garbajosa', 'Jose Calderon', 'Morris Peterson']",Matt Harpring,32.47477114200592,Matt Harpring,1.0,32.474769592285156,True
2007,GSW,ATL,40,"['Al Harrington', 'Andris Biedrins', 'Matt Barnes', 'Sarunas Jasikevicius']","['Joe Johnson', 'Josh Childress', 'Josh Smith', 'Marvin Williams', 'Zaza Pachulia']",Baron Davis,19.5648655295372,Stephen Jackson,6.0,7.85983419418335,False
2008,CHI,NOH,15,"['Aaron Gray', 'Chris Duhon', 'Joakim Noah', 'Thabo Sefolosha']","['Bobby Jackson', 'Hilton Armstrong', 'Jannero Pargo', 'Ryan Bowen', 'Tyson Chandler']",Kirk Hinrich,62.898194789886475,Tyrus Thomas,7.0,1.3981786966323853,False
2008,LAL,NYK,28,"['Kobe Bryant', 'Kwame Brown', 'Lamar Odom', 'Ronny Turiaf']","['David Lee', 'Jamal Crawford', 'Mardy Collins', 'Quentin Richardson', 'Zach Randolph']",Derek Fisher,69.09703612327576,Derek Fisher,1.0,69.09703826904297,True
2008,MIL,MEM,25,"['Andrew Bogut', 'Michael Redd', 'Mo Williams', 'Yi Jianlian']","['Damon Stoudamire', 'Darko Milicic', 'Mike Miller', 'Pau Gasol', 'Rudy Gay']",Mo Williams,30.012714862823486,Desmond Mason,6.0,4.2811970710754395,False
2008,DEN,HOU,17,"['Allen Iverson', 'Carmelo Anthony', 'Eduardo Najera', 'J.R. Smith']","['Carl Landry', 'Luis Scola', 'Rafer Alston', 'Steve Novak', 'Tracy McGrady']",Arron Afflalo,78.4860610961914,Kenyon Martin,73.0,1.4304879275673601e-22,False
2008,PHO,DEN,40,"['Boris Diaw', 'Marcus Banks', 'Shawn Marion', 'Steve Nash']","['Allen Iverson', 'Anthony Carter', 'Eduardo Najera', 'Linas Kleiza', 'Nene Hilario']",Amar'e Stoudemire,32.711437344551086,Amar'e Stoudemire,1.0,32.7114372253418,True
2008,POR,SAC,23,"['Brandon Roy', 'Martell Webster', 'Steve Blake', 'Travis Outlaw']","['Beno Udrih', 'Brad Miller', 'Francisco Garcia', 'Kevin Martin', 'Shelden Williams']",Steve Nash,46.855029463768005,LaMarcus Aldridge,7.0,0.0204458087682724,False
2008,UTA,LAL,16,"['C.J. Miles', 'Deron Williams', 'Jason Hart', 'Paul Millsap']","['Andrew Bynum', 'Jordan Farmar', 'Kobe Bryant', 'Lamar Odom', 'Sasha Vujacic']",Carlos Boozer,42.369237542152405,Andrei Kirilenko,4.0,9.761261940002441,False
2008,DEN,MIL,18,"['Allen Iverson', 'Chucky Atkins', 'Eduardo Najera', 'Linas Kleiza']","['Andrew Bogut', 'Michael Redd', 'Mo Williams', 'Royal Ivey', 'Yi Jianlian']",Linas Kleiza,16.02386236190796,Nene Hilario,10.0,3.1333744525909424,False
2008,CLE,PHI,18,"['Anderson Varejao', 'Larry Hughes', 'LeBron James', 'Sasha Pavlovic']","['Kyle Korver', 'Lou Williams', 'Reggie Evans', 'Samuel Dalembert', 'Thaddeus Young']",Anderson Varejao,37.94310986995697,Drew Gooden,2.0,21.255260467529297,False
2008,TOR,IND,39,"['Carlos Delfino', 'Jason Kapono', 'Jose Calderon', 'Kris Humphries']","['Danny Granger', 'Jamaal Tinsley', ""Jermaine O'Neal"", 'Mike Dunleavy', 'Troy Murphy']",Anthony Parker,18.97243559360504,Jorge Garbajosa,13.0,1.1350270509719849,False
2008,DET,DAL,38,"['Jarvis Hayes', 'Jason Maxiell', 'Richard Hamilton', 'Rodney Stuckey']","['Brandon Bass', 'Erick Dampier', 'Jason Terry', 'Josh Howard', 'Trenton Hassell']",Jose Calderon,99.02050495147705,Antonio McDyess,26.0,9.22012077353429e-06,False
2008,GSW,SAS,44,"['Andris Biedrins', 'Baron Davis', 'Mickael Pietrus', 'Stephen Jackson']","['Bruce Bowen', 'Manu Ginobili', 'Michael Finley', 'Tim Duncan', 'Tony Parker']",Mickael Pietrus,27.099990844726562,Monta Ellis,6.0,2.6331093311309814,False
2008,POR,CLE,39,"['James Jones', 'Joel Przybilla', 'Sergio Rodriguez', 'Travis Outlaw']","['Damon Jones', 'Daniel Gibson', 'Devin Brown', 'LeBron James', 'Zydrunas Ilgauskas']",Jarrett Jack,41.858986020088196,Steve Blake,4.0,9.154988288879395,False
2008,WAS,MIA,15,"['Andray Blatche', 'Antawn Jamison', 'Darius Songaila', 'Nick Young']","['Dorell Wright', 'Dwyane Wade', 'Joel Anthony', 'Ricky Davis', 'Udonis Haslem']",DeShawn Stevenson,35.428816080093384,DeShawn Stevenson,1.0,35.42881774902344,True
2008,PHI,DET,41,"['Lou Williams', 'Samuel Dalembert', 'Thaddeus Young', 'Willie Green']","['Antonio McDyess', 'Arron Afflalo', 'Chauncey Billups', 'Rasheed Wallace', 'Richard Hamilton']",Andre Iguodala,36.834174394607544,Andre Miller,3.0,11.14150619506836,False
2008,CHI,UTA,25,"['Drew Gooden', 'Joakim Noah', 'Kirk Hinrich', 'Larry Hughes']","['Andrei Kirilenko', 'Carlos Boozer', 'Deron Williams', 'Mehmet Okur', 'Ronnie Brewer']",Luol Deng,38.22382390499115,Luol Deng,1.0,38.22382354736328,True
2008,NYK,NJN,21,"['Eddy Curry', 'Fred Jones', 'Nate Robinson', 'Zach Randolph']","['Jason Collins', 'Jason Kidd', 'Josh Boone', 'Richard Jefferson', 'Vince Carter']",Jamal Crawford,68.85494589805603,Jamal Crawford,1.0,68.85494232177734,True
2008,DAL,SAC,35,"['Brandon Bass', 'Jerry Stackhouse', 'Josh Howard', 'Malik Allen']","['Beno Udrih', 'John Salmons', 'Kevin Martin', 'Mikki Moore', 'Spencer Hawes']",Jason Terry,20.219850540161133,Jason Kidd,4.0,13.102567672729492,False
2008,BOS,NYK,22,"['James Posey', 'Leon Powe', 'Paul Pierce', 'Rajon Rondo']","['Fred Jones', 'Jamal Crawford', 'Malik Rose', 'Nate Robinson', 'Quentin Richardson']",Tony Allen,23.218870162963867,Ray Allen,3.0,14.089041709899902,False
2008,DET,MIN,23,"['Jarvis Hayes', 'Jason Maxiell', 'Rodney Stuckey', 'Theo Ratliff']","['Al Jefferson', 'Kirk Snyder', 'Randy Foye', 'Rashad McCants', 'Ryan Gomes']",Richard Hamilton,37.54308223724365,Lindsey Hunter,5.0,7.410683631896973,False
2008,POR,SAC,17,"['Brandon Roy', 'Jarrett Jack', 'Sergio Rodriguez', 'Travis Outlaw']","['Francisco Garcia', 'John Salmons', 'Kenny Thomas', 'Kevin Martin', 'Metta World Peace']",Joel Przybilla,42.87571609020233,LaMarcus Aldridge,2.0,30.832788467407227,False
2008,NYK,NOH,41,"['Jamal Crawford', 'Malik Rose', 'Randolph Morris', 'Wilson Chandler']","['David West', 'Jannero Pargo', 'Mike James', 'Ryan Bowen', 'Tyson Chandler']",David Lee,28.772839903831482,Jared Jeffries,5.0,9.175093650817871,False
2008,WAS,DAL,0,"['Antawn Jamison', 'Antonio Daniels', 'Brendan Haywood', 'Caron Butler']","['Devin Harris', 'Dirk Nowitzki', 'Eddie Jones', 'Erick Dampier', 'Josh Howard']",Antonio Daniels,40.43110907077789,DeShawn Stevenson,2.0,28.958446502685547,False
2008,MIA,DAL,9,"['Bobby Jones', 'Daequan Cook', 'Jason Williams', 'Ricky Davis']","['Dirk Nowitzki', 'Erick Dampier', 'Jason Kidd', 'Jason Terry', 'Josh Howard']",Udonis Haslem,12.982918322086334,Mark Blount,3.0,10.37028980255127,False
2008,DEN,NJN,15,"['Allen Iverson', 'J.R. Smith', 'Kenyon Martin', 'Yakhouba Diawara']","['Darrell Armstrong', 'Jason Kidd', 'Josh Boone', 'Malik Allen', 'Vince Carter']",Marcus Camby,20.801913738250732,Eduardo Najera,3.0,15.947673797607422,False
2008,SAC,LAL,37,"['John Salmons', 'Mikki Moore', 'Quincy Douby', 'Shelden Williams']","['Ira Newble', 'Jordan Farmar', 'Lamar Odom', 'Ronny Turiaf', 'Sasha Vujacic']",Francisco Garcia,16.900256276130676,Francisco Garcia,1.0,16.900257110595703,True
2008,PHI,NYK,21,"['Andre Iguodala', 'Andre Miller', 'Jason Smith', 'Samuel Dalembert']","['David Lee', 'Fred Jones', 'Jamal Crawford', 'Quentin Richardson', 'Zach Randolph']",Willie Green,29.39029335975647,Willie Green,1.0,29.39029312133789,True
2008,ATL,WAS,17,"['Al Horford', 'Josh Childress', 'Marvin Williams', 'Salim Stoudamire']","['Andray Blatche', 'Antonio Daniels', 'Brendan Haywood', 'Caron Butler', 'Darius Songaila']",Josh Smith,33.50200057029724,Josh Smith,1.0,33.50199890136719,True
2008,POR,HOU,0,"['Brandon Roy', 'Joel Przybilla', 'LaMarcus Aldridge', 'Steve Blake']","['Chuck Hayes', 'Luther Head', 'Rafer Alston', 'Shane Battier', 'Yao Ming']",Brandon Roy,52.838897705078125,Martell Webster,2.0,28.243675231933594,False
2008,CLE,CHA,15,"['Anderson Varejao', 'Damon Jones', 'Daniel Gibson', 'LeBron James']","['Jared Dudley', 'Jeff McInnis', 'Matt Carroll', 'Nazr Mohammed', 'Raymond Felton']",Zydrunas Ilgauskas,53.04288864135742,Devin Brown,12.0,0.2042151689529419,False
2008,WAS,NYK,23,"['Antonio Daniels', 'Brendan Haywood', 'Caron Butler', 'DeShawn Stevenson']","['Eddy Curry', 'Fred Jones', 'Jamal Crawford', 'Quentin Richardson', 'Zach Randolph']",Antawn Jamison,80.64444065093994,Oleksiy Pecherov,9.0,0.22470620274543762,False
2008,PHO,TOR,5,"[""Amar'e Stoudemire"", 'Boris Diaw', 'Leandro Barbosa', 'Steve Nash']","['Andrea Bargnani', 'Anthony Parker', 'Chris Bosh', 'Jamario Moon', 'Jose Calderon']",Grant Hill,33.98906588554382,Grant Hill,1.0,33.98906707763672,True
2008,PHO,GSW,17,"[""Amar'e Stoudemire"", 'Leandro Barbosa', 'Raja Bell', ""Shaquille O'Neal""]","['Al Harrington', 'Austin Croshere', 'Kelenna Azubuike', 'Mickael Pietrus', 'Monta Ellis']",Steve Nash,25.60974359512329,Gordan Giricek,9.0,1.5341181755065918,False
2008,UTA,WAS,21,"['C.J. Miles', 'Carlos Boozer', 'Deron Williams', 'Kyle Korver']","['Andray Blatche', 'Antawn Jamison', 'Brendan Haywood', 'DeShawn Stevenson', 'Nick Young']",Mehmet Okur,82.97393321990967,Paul Millsap,5.0,1.256135106086731,False
2008,SAS,ATL,46,"['Bruce Bowen', 'Manu Ginobili', 'Robert Horry', 'Tim Duncan']","['Al Horford', 'Joe Johnson', 'Josh Childress', 'Marvin Williams', 'Mike Bibby']",Tony Parker,57.60985612869263,Tony Parker,1.0,57.60985565185547,True
2008,MEM,LAL,40,"['Hakim Warrick', 'Mike Conley', 'Mike Miller', 'Pau Gasol']","['Jordan Farmar', 'Kobe Bryant', 'Kwame Brown', 'Ronny Turiaf', 'Trevor Ariza']",Darko Milicic,17.304356396198273,Rudy Gay,2.0,13.726509094238281,False
2008,MIA,MIL,38,"['Blake Ahearn', 'Daequan Cook', 'Kasib Powell', 'Stephane Lasme']","['Desmond Mason', 'Michael Redd', 'Michael Ruffin', 'Mo Williams', 'Yi Jianlian']",Udonis Haslem,11.680463701486588,Joel Anthony,3.0,9.25482177734375,False
2008,CHI,BOS,0,"['Ben Gordon', 'Ben Wallace', 'Joe Smith', 'Luol Deng']","['Kendrick Perkins', 'Kevin Garnett', 'Paul Pierce', 'Rajon Rondo', 'Ray Allen']",Kirk Hinrich,38.69406580924988,Kirk Hinrich,1.0,38.69406509399414,True
2008,TOR,HOU,6,"['Anthony Parker', 'Carlos Delfino', 'Rasho Nesterovic', 'T.J. Ford']","['Chuck Hayes', 'Shane Battier', 'Steve Francis', 'Tracy McGrady', 'Yao Ming']",Chris Bosh,46.81651294231415,Chris Bosh,1.0,46.81651306152344,True
2008,SAC,LAL,7,"['Brad Miller', 'John Salmons', 'Kevin Martin', 'Metta World Peace']","['Derek Fisher', 'Kobe Bryant', 'Lamar Odom', 'Luke Walton', 'Pau Gasol']",Mike Bibby,22.7557435631752,Beno Udrih,2.0,19.49802589416504,False
2008,MIN,CHI,12,"['Antoine Walker', 'Gerald Green', 'Michael Doleac', 'Sebastian Telfair']","['Aaron Gray', 'Chris Duhon', 'Thabo Sefolosha', 'Tyrus Thomas', 'Viktor Khryapa']",Ryan Gomes,34.568217396736145,Randy Foye,14.0,0.8530818819999695,False
2008,IND,MIL,41,"['Danny Granger', 'Jeff Foster', 'Kareem Rush', 'Ronald Murray']","['Bobby Simmons', 'Charlie Bell', 'Michael Ruffin', 'Mo Williams', 'Royal Ivey']",Mike Dunleavy,27.143394947052002,Mike Dunleavy,1.0,27.143394470214844,True
2008,HOU,CHA,16,"['Bobby Jackson', 'Luis Scola', 'Mike Harris', 'Steve Novak']","['Earl Boykins', 'Emeka Okafor', 'Gerald Wallace', 'Jared Dudley', 'Matt Carroll']",Shane Battier,15.160803496837616,Tracy McGrady,3.0,6.676713466644287,False
2008,CLE,PHI,8,"['Drew Gooden', 'Larry Hughes', 'LeBron James', 'Shannon Brown']","['Andre Iguodala', 'Andre Miller', 'Jason Smith', 'Kyle Korver', 'Reggie Evans']",Anderson Varejao,18.59671175479889,Anderson Varejao,1.0,18.596712112426758,True
2008,MIA,MEM,34,"['Chris Quinn', 'Daequan Cook', 'Earl Barron', 'Ricky Davis']","['Casey Jacobsen', 'Hakim Warrick', 'Jason Collins', 'Kyle Lowry', 'Mike Conley']",Dwyane Wade,31.086936593055725,Joel Anthony,8.0,3.725499391555786,False
2008,MEM,SAS,25,"['Damon Stoudamire', 'Darko Milicic', 'Mike Miller', 'Rudy Gay']","['Bruce Bowen', 'Jacque Vaughn', 'Matt Bonner', 'Michael Finley', 'Tim Duncan']",Darko Milicic,99.99418258666992,Juan Carlos Navarro,255.0,3.666107994713438e-24,False
2008,PHO,DEN,9,"['Brian Skinner', 'Leandro Barbosa', 'Shawn Marion', 'Steve Nash']","['Allen Iverson', 'Linas Kleiza', 'Marcus Camby', 'Nene Hilario', 'Yakhouba Diawara']",Amar'e Stoudemire,22.63319492340088,Boris Diaw,3.0,17.652788162231445,False
2008,MIA,CHI,9,"['Dwyane Wade', 'Mark Blount', 'Ricky Davis', 'Udonis Haslem']","['Ben Gordon', 'Ben Wallace', 'Chris Duhon', 'Joe Smith', 'Luol Deng']",Jason Williams,32.12469816207886,Jason Williams,1.0,32.124698638916016,True
2008,MIN,POR,17,"['Al Jefferson', 'Antoine Walker', 'Marko Jaric', 'Ryan Gomes']","['James Jones', 'Jarrett Jack', 'LaMarcus Aldridge', 'Sergio Rodriguez', 'Travis Outlaw']",Marko Jaric,46.391236782073975,Rashad McCants,4.0,8.68381118774414,False
2008,MIA,MIL,18,"['Chris Quinn', 'Earl Barron', 'Luke Jackson', 'Udonis Haslem']","['Andrew Bogut', 'Charlie Bell', 'Michael Redd', 'Michael Ruffin', 'Mo Williams']",Dwyane Wade,20.414552092552185,Daequan Cook,5.0,7.147478103637695,False
2008,SAC,LAC,13,"['Brad Miller', 'John Salmons', 'Quincy Douby', 'Spencer Hawes']","['Al Thornton', 'Brevin Knight', 'Elton Brand', 'Nick Fazekas', 'Smush Parker']",John Salmons,38.40934336185455,Francisco Garcia,2.0,27.803171157836914,False
2008,GSW,WAS,10,"['Al Harrington', 'Andris Biedrins', 'Monta Ellis', 'Stephen Jackson']","['Antawn Jamison', 'Darius Songaila', 'DeShawn Stevenson', 'Dominic McGuire', 'Nick Young']",Baron Davis,78.84854674339294,Baron Davis,1.0,78.84854888916016,True
2008,MIL,PHI,33,"['Andrew Bogut', 'Desmond Mason', 'Mo Williams', 'Yi Jianlian']","['Andre Miller', 'Kyle Korver', 'Reggie Evans', 'Samuel Dalembert', 'Willie Green']",Michael Redd,75.78677535057068,Michael Redd,1.0,75.78677368164062,True
2008,SAS,SAC,14,"['Bruce Bowen', 'Jacque Vaughn', 'Kurt Thomas', 'Manu Ginobili']","['Francisco Garcia', 'John Salmons', 'Metta World Peace', 'Quincy Douby', 'Spencer Hawes']",Tim Duncan,19.965358078479767,Michael Finley,7.0,6.920196056365967,False
2008,SAS,SAC,31,"['Kurt Thomas', 'Manu Ginobili', 'Tim Duncan', 'Tony Parker']","['Anthony Johnson', 'Brad Miller', 'Kevin Martin', 'Metta World Peace', 'Mikki Moore']",Bruce Bowen,38.7716680765152,Ime Udoka,3.0,13.74401569366455,False
2008,GSW,ORL,16,"['Andris Biedrins', 'Kelenna Azubuike', 'Matt Barnes', 'Stephen Jackson']","['Adonal Foyle', 'J.J. Redick', 'Jameer Nelson', 'Maurice Evans', 'Rashard Lewis']",Monta Ellis,56.7700982093811,Monta Ellis,1.0,56.77009963989258,True
2008,MIN,MIA,21,"['Al Jefferson', 'Marko Jaric', 'Ryan Gomes', 'Sebastian Telfair']","['Alexander Johnson', 'Chris Quinn', 'Dwyane Wade', 'Ricky Davis', 'Udonis Haslem']",Sebastian Telfair,72.47557044029236,Corey Brewer,6.0,2.4201576709747314,False
2008,DAL,DEN,20,"['Brandon Bass', 'Dirk Nowitzki', 'Jerry Stackhouse', 'Josh Howard']","['Allen Iverson', 'Anthony Carter', 'Carmelo Anthony', 'Kenyon Martin', 'Marcus Camby']",Jason Terry,48.82112741470337,Jason Terry,1.0,48.821128845214844,True
2008,TOR,PHI,45,"['Andrea Bargnani', 'Carlos Delfino', 'Jason Kapono', 'T.J. Ford']","['Andre Iguodala', 'Andre Miller', 'Kyle Korver', 'Reggie Evans', 'Willie Green']",Chris Bosh,25.379103422164917,Anthony Parker,3.0,8.500176429748535,False
2008,MIN,MEM,40,"['Al Jefferson', 'Craig Smith', 'Kirk Snyder', 'Marko Jaric']","['Jason Collins', 'Juan Carlos Navarro', 'Kyle Lowry', 'Mike Miller', 'Rudy Gay']",Rashad McCants,26.16964876651764,Rashad McCants,1.0,26.169649124145508,True
2008,CLE,ATL,39,"['Anderson Varejao', 'Daniel Gibson', 'Devin Brown', 'Zydrunas Ilgauskas']","['Al Horford', 'Joe Johnson', 'Josh Childress', 'Marvin Williams', 'Shelden Williams']",Mo Williams,87.6753568649292,Sasha Pavlovic,20.0,0.00021393522911239415,False
2008,PHO,NJN,23,"[""Amar'e Stoudemire"", 'Boris Diaw', 'D.J. Strawberry', 'Raja Bell']","['Antoine Wright', 'Jason Kidd', 'Josh Boone', 'Richard Jefferson', 'Vince Carter']",Steve Nash,32.27356970310211,Steve Nash,1.0,32.2735710144043,True
2008,MEM,POR,15,"['Hakim Warrick', 'Juan Carlos Navarro', 'Pau Gasol', 'Rudy Gay']","['James Jones', 'Jarrett Jack', 'Joel Przybilla', 'Sergio Rodriguez', 'Travis Outlaw']",Mike Conley,65.33622145652771,Kyle Lowry,2.0,27.24498176574707,False
2008,DET,MIA,42,"['Jarvis Hayes', 'Rasheed Wallace', 'Richard Hamilton', 'Rodney Stuckey']","['Alexander Johnson', 'Dorell Wright', 'Dwyane Wade', 'Earl Barron', 'Ricky Davis']",Antonio McDyess,29.799672961235046,Antonio McDyess,1.0,29.799673080444336,True
2008,TOR,NJN,16,"['Andrea Bargnani', 'Carlos Delfino', 'Jason Kapono', 'Jose Calderon']","['Bostjan Nachbar', 'Marcus Williams', 'Stromile Swift', 'Trenton Hassell', 'Vince Carter']",Chris Bosh,39.63375985622406,Rasho Nesterovic,3.0,12.089140892028809,False
2008,ORL,LAL,40,"['Dwight Howard', 'Hedo Turkoglu', 'Keyon Dooling', 'Rashard Lewis']","['Jordan Farmar', 'Kobe Bryant', 'Lamar Odom', 'Luke Walton', 'Ronny Turiaf']",Keith Bogans,25.868839025497437,Keith Bogans,1.0,25.868839263916016,True
2008,SAC,DAL,0,"['Beno Udrih', 'Brad Miller', 'John Salmons', 'Mikki Moore']","['Devin Harris', 'Dirk Nowitzki', 'Eddie Jones', 'Erick Dampier', 'Josh Howard']",Francisco Garcia,37.05488741397858,Francisco Garcia,1.0,37.05488586425781,True
2008,GSW,POR,18,"['Al Harrington', 'Baron Davis', 'Monta Ellis', 'Stephen Jackson']","['James Jones', 'Jarrett Jack', 'Joel Przybilla', 'Martell Webster', 'Travis Outlaw']",Andris Biedrins,33.1305056810379,Kelenna Azubuike,8.0,4.493974685668945,False
2008,SAS,UTA,25,"['Fabricio Oberto', 'Michael Finley', 'Tim Duncan', 'Tony Parker']","['Andrei Kirilenko', 'Carlos Boozer', 'Mehmet Okur', 'Ronnie Brewer', 'Ronnie Price']",Bruce Bowen,86.9641125202179,Bruce Bowen,1.0,86.964111328125,True
2008,TOR,NYK,17,"['Andrea Bargnani', 'Carlos Delfino', 'Chris Bosh', 'Jose Calderon']","['David Lee', 'Fred Jones', 'Jamal Crawford', 'Jared Jeffries', 'Quentin Richardson']",Anthony Parker,33.495232462882996,Jason Kapono,2.0,24.81683921813965,False
2008,ORL,MIL,13,"['Adonal Foyle', 'Hedo Turkoglu', 'J.J. Redick', 'Pat Garrity']","['Bobby Simmons', 'Charlie Bell', 'Charlie Villanueva', 'Dan Gadzuric', 'Mo Williams']",Dwight Howard,72.02609181404114,Carlos Arroyo,80.0,4.3235823454779165e-07,False
2008,MEM,DEN,16,"['Casey Jacobsen', 'Darko Milicic', 'Hakim Warrick', 'Kyle Lowry']","['Allen Iverson', 'Eduardo Najera', 'J.R. Smith', 'Kenyon Martin', 'Yakhouba Diawara']",Rudy Gay,26.04152262210846,Mike Miller,7.0,5.054450511932373,False
2008,IND,MIL,24,"['Danny Granger', 'Jeff Foster', 'Mike Dunleavy', 'Troy Murphy']","['Bobby Simmons', 'Dan Gadzuric', 'Desmond Mason', 'Michael Redd', 'Mo Williams']",Jermaine O'Neal,82.24369287490845,Travis Diener,11.0,0.3216829299926758,False
2008,MIA,NJN,13,"['Alexander Johnson', 'Luke Jackson', 'Mark Blount', 'Ricky Davis']","['Antoine Wright', 'Bostjan Nachbar', 'Jason Collins', 'Marcus Williams', 'Richard Jefferson']",Dorell Wright,11.355943232774734,Jason Williams,2.0,10.846100807189941,False
2008,DET,CHA,25,"['Chauncey Billups', 'Rasheed Wallace', 'Richard Hamilton', 'Tayshaun Prince']","['Emeka Okafor', 'Jason Richardson', 'Jeff McInnis', 'Nazr Mohammed', 'Raymond Felton']",Richard Hamilton,70.35911679267883,Antonio McDyess,8.0,1.330088496208191,False
2008,POR,GSW,6,"['Brandon Roy', 'Joel Przybilla', 'LaMarcus Aldridge', 'Martell Webster']","['Al Harrington', 'Kelenna Azubuike', 'Mickael Pietrus', 'Monta Ellis', 'Stephen Jackson']",Steve Blake,69.51501965522766,Steve Blake,1.0,69.51502227783203,True
2008,ATL,NYK,13,"['Joe Johnson', 'Josh Childress', 'Salim Stoudamire', 'Zaza Pachulia']","['David Lee', 'Fred Jones', 'Jamal Crawford', 'Jared Jeffries', 'Zach Randolph']",Josh Smith,23.438753187656403,Josh Smith,1.0,23.438753128051758,True
2008,LAC,IND,22,"['Al Thornton', 'Chris Kaman', 'Corey Maggette', 'Dan Dickau']","['Danny Granger', 'Jamaal Tinsley', 'Kareem Rush', 'Shawne Williams', 'Troy Murphy']",Al Thornton,26.737281680107117,Tim Thomas,3.0,9.114784240722656,False
2008,BOS,TOR,16,"['Brian Scalabrine', 'Leon Powe', 'Ray Allen', 'Tony Allen']","['Andrea Bargnani', 'Anthony Parker', 'Carlos Delfino', 'Juan Dixon', 'Rasho Nesterovic']",Paul Pierce,99.9129593372345,Eddie House,24.0,1.7471384339273754e-08,False
2008,UTA,LAL,11,"['Andrei Kirilenko', 'Kyrylo Fesenko', 'Matt Harpring', 'Ronnie Brewer']","['Chris Mihm', 'Jordan Farmar', 'Kobe Bryant', 'Luke Walton', 'Vladimir Radmanovic']",Brevin Knight,10.024179518222809,Jason Hart,11.0,3.7473361492156982,False
2008,SAS,NOH,46,"['Ime Udoka', 'Jacque Vaughn', 'Jeremy Richardson', 'Matt Bonner']","['Hilton Armstrong', 'Jannero Pargo', 'Julian Wright', 'Melvin Ely', 'Rasual Butler']",Tim Duncan,96.31838798522949,Francisco Elson,26.0,1.7620626522329985e-06,False
2008,LAL,ATL,21,"['Derek Fisher', 'Lamar Odom', 'Pau Gasol', 'Vladimir Radmanovic']","['Joe Johnson', 'Josh Childress', 'Josh Smith', 'Mike Bibby', 'Zaza Pachulia']",Kobe Bryant,96.0947573184967,Kobe Bryant,1.0,96.09475708007812,True
2008,LAC,NOH,37,"['Al Thornton', 'Brevin Knight', 'Cuttino Mobley', 'Richie Frahm']","['Bobby Jackson', 'Chris Paul', 'David West', 'Marcus Vinicius', 'Tyson Chandler']",Chris Kaman,11.452685296535492,Chris Kaman,1.0,11.452685356140137,True
2008,GSW,DAL,36,"['Andris Biedrins', 'Baron Davis', 'Kelenna Azubuike', 'Matt Barnes']","['Brandon Bass', 'Devin Harris', 'Dirk Nowitzki', 'Jerry Stackhouse', 'Trenton Hassell']",Mickael Pietrus,97.76338934898376,Monta Ellis,31.0,2.018874373233004e-10,False
2008,SAS,IND,40,"['Ime Udoka', 'Jacque Vaughn', 'Matt Bonner', 'Michael Finley']","['Danny Granger', 'Jeff Foster', 'Mike Dunleavy', 'Ronald Murray', 'Stephen Graham']",Tim Duncan,94.03886198997498,Fabricio Oberto,7.0,0.003295368514955044,False
2008,MIA,CHI,37,"['Jason Williams', 'Joel Anthony', 'Ricky Davis', 'Stephane Lasme']","['Aaron Gray', 'Andres Nocioni', 'Ben Gordon', 'Chris Duhon', 'Thabo Sefolosha']",Joel Anthony,7.392407208681107,Kasib Powell,118.0,0.020077288150787354,False
2008,ATL,NYK,46,"['Al Horford', 'Joe Johnson', 'Josh Childress', 'Josh Smith']","['David Lee', 'Fred Jones', 'Jamal Crawford', 'Quentin Richardson', 'Zach Randolph']",Mike Bibby,15.950232744216919,Mike Bibby,1.0,15.95023250579834,True
2008,IND,NYK,19,"['Andre Owens', 'Danny Granger', 'David Harrison', 'Troy Murphy']","['Fred Jones', 'Jamal Crawford', 'Nate Robinson', 'Randolph Morris', 'Zach Randolph']",Mike Dunleavy,28.28790247440338,Mike Dunleavy,1.0,28.28790283203125,True
2008,POR,BOS,8,"['Brandon Roy', 'Joel Przybilla', 'LaMarcus Aldridge', 'Martell Webster']","['Kevin Garnett', 'Paul Pierce', 'Rajon Rondo', 'Ray Allen', 'Scot Pollard']",Steve Blake,48.52909445762634,Steve Blake,1.0,48.52909469604492,True
2008,DAL,GSW,21,"['Dirk Nowitzki', 'Eddie Jones', 'Erick Dampier', 'Jason Kidd']","['Al Harrington', 'Andris Biedrins', 'Baron Davis', 'Kelenna Azubuike', 'Monta Ellis']",Josh Howard,17.119641602039337,Josh Howard,1.0,17.11964225769043,True
2008,DET,LAL,13,"['Chauncey Billups', 'Jarvis Hayes', 'Jason Maxiell', 'Rasheed Wallace']","['Jordan Farmar', 'Kobe Bryant', 'Kwame Brown', 'Ronny Turiaf', 'Sasha Vujacic']",Richard Hamilton,54.82046604156494,Arron Afflalo,2.0,13.242596626281738,False
2008,POR,MIN,0,"['Brandon Roy', 'Joel Przybilla', 'LaMarcus Aldridge', 'Martell Webster']","['Al Jefferson', 'Corey Brewer', 'Craig Smith', 'Ryan Gomes', 'Sebastian Telfair']",Steve Blake,56.96517825126648,Steve Blake,1.0,56.965179443359375,True
2008,CHI,MIL,12,"['Ben Gordon', 'Chris Duhon', 'Joakim Noah', 'Thabo Sefolosha']","['Bobby Simmons', 'Dan Gadzuric', 'Mo Williams', 'Royal Ivey', 'Yi Jianlian']",Andres Nocioni,18.14553737640381,Andres Nocioni,1.0,18.145538330078125,True
2008,DET,POR,20,"['Amir Johnson', 'Arron Afflalo', 'Jarvis Hayes', 'Rodney Stuckey']","['Jarrett Jack', 'LaMarcus Aldridge', 'Martell Webster', 'Steve Blake', 'Travis Outlaw']",Richard Hamilton,28.12468111515045,Rasheed Wallace,13.0,0.8413107991218567,False
2008,HOU,MIN,26,"['Dikembe Mutombo', 'Luis Scola', 'Rafer Alston', 'Shane Battier']","['Al Jefferson', 'Kirk Snyder', 'Marko Jaric', 'Randy Foye', 'Ryan Gomes']",Tracy McGrady,69.35312151908875,Tracy McGrady,1.0,69.35311889648438,True
2008,MIN,LAC,10,"['Al Jefferson', 'Corey Brewer', 'Rashad McCants', 'Ryan Gomes']","['Al Thornton', 'Dan Dickau', 'Josh Powell', 'Quinton Ross', 'Tim Thomas']",Rashad McCants,25.322094559669495,Marko Jaric,3.0,17.625751495361328,False
2008,UTA,MIN,25,"['Andrei Kirilenko', 'Deron Williams', 'Mehmet Okur', 'Ronnie Price']","['Al Jefferson', 'Corey Brewer', 'Marko Jaric', 'Randy Foye', 'Ryan Gomes']",Carlos Boozer,50.59484839439392,Carlos Boozer,1.0,50.5948486328125,True
2008,SAC,MEM,42,"['Beno Udrih', 'Brad Miller', 'Francisco Garcia', 'John Salmons']","['Juan Carlos Navarro', 'Mike Conley', 'Mike Miller', 'Pau Gasol', 'Rudy Gay']",John Salmons,29.22145426273346,Mikki Moore,6.0,4.178875923156738,False
2008,MIN,LAL,46,"['Corey Brewer', 'Craig Smith', 'Gerald Green', 'Randy Foye']","['Coby Karl', 'Didier Ilunga-Mbenga', 'Jordan Farmar', 'Luke Walton', 'Ronny Turiaf']",Al Jefferson,64.94408249855042,Michael Doleac,70.0,0.006819711532443762,False
2008,MEM,SEA,0,"['Damon Stoudamire', 'Mike Miller', 'Rudy Gay', 'Stromile Swift']","['Chris Wilcox', 'Damien Wilkins', 'Earl Watson', 'Jeff Green', 'Kevin Durant']",Pau Gasol,25.84218680858612,Pau Gasol,1.0,25.842185974121094,True
2009,ATL,NJN,45,"['Mario West', 'Maurice Evans', 'Ronald Murray', 'Solomon Jones']","['Brook Lopez', 'Devin Harris', 'Keyon Dooling', 'Ryan Anderson', 'Vince Carter']",Randolph Morris,4.605461657047272,Acie Law,11.0,2.2736058235168457,False
2009,MEM,NOH,39,"['Hakim Warrick', 'Marc Gasol', 'Marko Jaric', 'Quinton Ross']","['Devin Brown', 'James Posey', 'Julian Wright', 'Rasual Butler', 'Sean Marks']",Mike Conley,36.197465658187866,Greg Buckner,6.0,2.908968448638916,False
2009,LAL,MIL,41,"['Jordan Farmar', 'Josh Powell', 'Sasha Vujacic', 'Trevor Ariza']","['Dan Gadzuric', 'Joe Alexander', 'Luc Mbah a Moute', 'Ramon Sessions', 'Tyronn Lue']",Andrew Bynum,25.93337893486023,Chris Mihm,10.0,2.513324022293091,False
2009,TOR,NJN,17,"['Andrea Bargnani', 'Jamario Moon', ""Jermaine O'Neal"", 'Will Solomon']","['Brook Lopez', 'Jarvis Hayes', 'Keyon Dooling', 'Ryan Anderson', 'Vince Carter']",Anthony Parker,22.044430673122406,Jason Kapono,2.0,16.948223114013672,False
2009,DEN,ORL,25,"['Chauncey Billups', 'Dahntay Jones', 'J.R. Smith', 'Kenyon Martin']","['Courtney Lee', 'Dwight Howard', 'Hedo Turkoglu', 'Jameer Nelson', 'Rashard Lewis']",Chris Andersen,41.093072295188904,Nene Hilario,2.0,29.811616897583008,False
2009,UTA,LAC,18,"['Brevin Knight', 'Carlos Boozer', 'Kyle Korver', 'Paul Millsap']","['Baron Davis', 'Chris Kaman', 'Eric Gordon', 'Fred Jones', 'Marcus Camby']",Matt Harpring,33.658385276794434,Andrei Kirilenko,2.0,25.761816024780273,False
2009,ORL,ATL,24,"['J.J. Redick', 'Jameer Nelson', 'Marcin Gortat', 'Tony Battie']","['Mario West', 'Mike Bibby', 'Othello Hunter', 'Ronald Murray', 'Solomon Jones']",Hedo Turkoglu,38.14566135406494,Rashard Lewis,2.0,30.42137908935547,False
2009,DET,NYK,40,"['Arron Afflalo', 'Jason Maxiell', 'Rodney Stuckey', 'Tayshaun Prince']","['Al Harrington', 'Anthony Roberson', 'David Lee', 'Quentin Richardson', 'Tim Thomas']",Antonio McDyess,27.102580666542053,Amir Johnson,2.0,24.256244659423828,False
2009,GSW,NOH,42,"['Al Harrington', 'Andris Biedrins', 'Kelenna Azubuike', 'Stephen Jackson']","['Chris Paul', 'David West', 'James Posey', 'Peja Stojakovic', 'Tyson Chandler']",Monta Ellis,47.34031856060028,Corey Maggette,10.0,0.628562331199646,False
2009,CHI,MIL,35,"['Andres Nocioni', 'Ben Gordon', 'Joakim Noah', 'Kirk Hinrich']","['Charlie Bell', 'Luc Mbah a Moute', 'Malik Allen', 'Michael Redd', 'Tyronn Lue']",Andres Nocioni,19.909830391407013,Luol Deng,3.0,14.765027046203613,False
2009,ATL,WAS,17,"['Acie Law', 'Marvin Williams', 'Mike Bibby', 'Zaza Pachulia']","['Antawn Jamison', 'Caron Butler', 'DeShawn Stevenson', 'Etan Thomas', 'Nick Young']",Ronald Murray,78.45798134803772,Maurice Evans,4.0,0.9933058023452759,False
2009,MIA,IND,35,"['Dwyane Wade', 'Joel Anthony', 'Shawn Marion', 'Yakhouba Diawara']","['Brandon Rush', 'Jarrett Jack', 'Jeff Foster', 'Marquis Daniels', 'Troy Murphy']",Mario Chalmers,25.790676474571228,Chris Quinn,2.0,16.34502601623535,False
2009,CLE,UTA,37,"['Anderson Varejao', 'Delonte West', 'LeBron James', 'Mo Williams']","['Brevin Knight', 'Kosta Koufos', 'Kyle Korver', 'Morris Almond', 'Paul Millsap']",Wally Szczerbiak,15.278491377830505,Zydrunas Ilgauskas,5.0,8.684175491333008,False
2009,DAL,OKC,46,"['Dirk Nowitzki', 'J.J. Barea', 'Jason Kidd', 'Josh Howard']","['Earl Watson', 'Jeff Green', 'Kyle Weaver', 'Nenad Krstic', 'Russell Westbrook']",Erick Dampier,83.89622569084167,James Singleton,13.0,0.010608509182929993,False
2009,PHI,CHI,15,"['Andre Iguodala', 'Lou Williams', 'Marreese Speights', 'Reggie Evans']","['Brad Miller', 'Derrick Rose', 'Joakim Noah', 'John Salmons', 'Kirk Hinrich']",Andre Iguodala,31.610918045043945,Royal Ivey,7.0,3.7396697998046875,False
2009,CHI,PHO,15,"['Andres Nocioni', 'Ben Gordon', 'Kirk Hinrich', 'Tyrus Thomas']","[""Amar'e Stoudemire"", 'Boris Diaw', 'Goran Dragic', 'Leandro Barbosa', 'Lou Amundson']",Joakim Noah,16.773174703121185,Joakim Noah,1.0,16.773174285888672,True
2009,CHI,ATL,16,"['Aaron Gray', 'Derrick Rose', 'Kirk Hinrich', 'Thabo Sefolosha']","['Joe Johnson', 'Maurice Evans', 'Mike Bibby', 'Ronald Murray', 'Zaza Pachulia']",Tyrus Thomas,13.35008293390274,Andres Nocioni,4.0,9.761240005493164,False
2009,TOR,HOU,20,"['Anthony Parker', 'Chris Bosh', 'Joey Graham', 'Will Solomon']","['Aaron Brooks', 'Brent Barry', 'Carl Landry', 'Metta World Peace', 'Yao Ming']",Anthony Parker,93.63716244697571,Jake Voskuhl,53.0,0.0001477073528803885,False
2009,LAL,UTA,25,"['Andrew Bynum', 'Derek Fisher', 'Kobe Bryant', 'Pau Gasol']","['C.J. Miles', 'Deron Williams', 'Mehmet Okur', 'Paul Millsap', 'Ronnie Brewer']",Vladimir Radmanovic,38.271212577819824,Luke Walton,3.0,16.053428649902344,False
2009,LAL,NYK,24,"['Derek Fisher', 'Kobe Bryant', 'Lamar Odom', 'Luke Walton']","['Chris Duhon', 'David Lee', 'Quentin Richardson', 'Tim Thomas', 'Wilson Chandler']",Pau Gasol,40.35879969596863,Josh Powell,5.0,2.891350269317627,False
2009,WAS,CHI,9,"['Antawn Jamison', 'Caron Butler', 'Darius Songaila', 'Mike James']","['Brad Miller', 'Derrick Rose', 'John Salmons', 'Kirk Hinrich', 'Tim Thomas']",Dominic McGuire,11.59694567322731,Dominic McGuire,1.0,11.596945762634277,True
2009,MIL,UTA,42,"['Andrew Bogut', 'Luc Mbah a Moute', 'Michael Redd', 'Richard Jefferson']","['Andrei Kirilenko', 'Deron Williams', 'Kyle Korver', 'Matt Harpring', 'Paul Millsap']",Luke Ridnour,70.63778042793274,Luke Ridnour,1.0,70.63777923583984,True
2009,POR,MIA,43,"['Channing Frye', 'Greg Oden', 'Jerryd Bayless', 'Sergio Rodriguez']","['Daequan Cook', 'Joel Anthony', 'Marcus Banks', 'Mark Blount', 'Shaun Livingston']",Brandon Roy,54.91830110549927,Travis Outlaw,8.0,0.9588572382926941,False
2009,DAL,HOU,10,"['Brandon Bass', 'Erick Dampier', 'Jason Terry', 'Josh Howard']","['Chuck Hayes', 'Kyle Lowry', 'Luis Scola', 'Shane Battier', 'Von Wafer']",Jason Kidd,51.68059468269348,Jason Kidd,1.0,51.68059539794922,True
2009,DET,MIA,46,"['Allen Iverson', 'Antonio McDyess', 'Rasheed Wallace', 'Tayshaun Prince']","['Dwyane Wade', 'Mario Chalmers', 'Michael Beasley', 'Shawn Marion', 'Udonis Haslem']",Richard Hamilton,55.37689924240112,Rodney Stuckey,2.0,26.487945556640625,False
2009,IND,DET,35,"['Jarrett Jack', 'Jeff Foster', 'T.J. Ford', 'Troy Murphy']","['Jason Maxiell', 'Rasheed Wallace', 'Richard Hamilton', 'Tayshaun Prince', 'Will Bynum']",Danny Granger,67.57872104644775,Brandon Rush,2.0,11.889176368713379,False
2009,CHI,TOR,19,"['Derrick Rose', 'Joakim Noah', 'John Salmons', 'Tim Thomas']","['Anthony Parker', 'Chris Bosh', 'Jason Kapono', 'Jose Calderon', 'Shawn Marion']",Tyrus Thomas,17.94600337743759,Ben Gordon,6.0,7.377816200256348,False
2009,SAS,ORL,28,"['Manu Ginobili', 'Michael Finley', 'Tim Duncan', 'Tony Parker']","['Courtney Lee', 'Dwight Howard', 'Hedo Turkoglu', 'Jameer Nelson', 'Rashard Lewis']",Ime Udoka,21.334607899188995,Matt Bonner,3.0,13.301584243774414,False
2009,MIA,SAC,43,"['Daequan Cook', 'Dorell Wright', 'Marcus Banks', 'Shaun Livingston']","['Bobby Brown', 'Donte Greene', 'Jason Thompson', 'Quincy Douby', 'Shelden Williams']",Shawn Marion,34.878602623939514,Joel Anthony,6.0,4.223441123962402,False
2009,ATL,DET,36,"['Al Horford', 'Joe Johnson', 'Maurice Evans', 'Ronald Murray']","['Allen Iverson', 'Antonio McDyess', 'Rasheed Wallace', 'Richard Hamilton', 'Rodney Stuckey']",Mike Bibby,48.67318868637085,Josh Smith,2.0,36.52935791015625,False
2009,ORL,LAL,0,"['Dwight Howard', 'Jameer Nelson', 'Keith Bogans', 'Rashard Lewis']","['Andrew Bynum', 'Derek Fisher', 'Kobe Bryant', 'Luke Walton', 'Pau Gasol']",Hedo Turkoglu,77.81993746757507,Hedo Turkoglu,1.0,77.81993865966797,True
2009,NYK,ATL,29,"['Al Harrington', 'David Lee', 'Jared Jeffries', 'Quentin Richardson']","['Joe Johnson', 'Josh Smith', 'Mike Bibby', 'Ronald Murray', 'Zaza Pachulia']",Chris Duhon,45.377930998802185,Chris Duhon,1.0,45.3779296875,True
2009,ORL,WAS,25,"['Dwight Howard', 'Hedo Turkoglu', 'Jameer Nelson', 'Rashard Lewis']","['Antawn Jamison', 'Caron Butler', 'DeShawn Stevenson', 'Etan Thomas', 'Juan Dixon']",Hedo Turkoglu,61.09004020690918,Mickael Pietrus,3.0,10.273955345153809,False
2009,PHO,MIA,10,"['Boris Diaw', 'Grant Hill', 'Leandro Barbosa', 'Lou Amundson']","['Dwyane Wade', 'Mario Chalmers', 'Michael Beasley', 'Shawn Marion', 'Udonis Haslem']",Steve Nash,13.62556517124176,Raja Bell,4.0,7.885231018066406,False
2009,DAL,NJN,19,"['Brandon Bass', 'Devean George', 'J.J. Barea', 'Jason Kidd']","['Devin Harris', 'Jarvis Hayes', 'Josh Boone', 'Keyon Dooling', 'Vince Carter']",Dirk Nowitzki,44.72942352294922,Dirk Nowitzki,1.0,44.72942352294922,True
2009,HOU,GSW,13,"['Aaron Brooks', 'Carl Landry', 'Luis Scola', 'Shane Battier']","['Anthony Morrow', 'Corey Maggette', 'Jamal Crawford', 'Rob Kurz', 'Ronny Turiaf']",Aaron Brooks,22.73772805929184,Von Wafer,6.0,4.88858699798584,False
2009,MIN,LAC,43,"['Brian Cardinal', 'Randy Foye', 'Rodney Carney', 'Sebastian Telfair']","['DeAndre Jordan', 'Jason Hart', 'Mardy Collins', 'Paul Davis', 'Steve Novak']",Al Jefferson,52.27135419845581,Mark Madsen,15.0,0.20402827858924866,False
2009,GSW,OKC,26,"['Kelenna Azubuike', 'Monta Ellis', 'Ronny Turiaf', 'Stephen Jackson']","['Jeff Green', 'Kevin Durant', 'Kyle Weaver', 'Nenad Krstic', 'Russell Westbrook']",C.J. Watson,19.562843441963196,Jamal Crawford,9.0,2.5454533100128174,False
2009,CLE,IND,30,"['Anderson Varejao', 'Delonte West', 'LeBron James', 'Zydrunas Ilgauskas']","['Danny Granger', 'Jeff Foster', 'Marquis Daniels', 'T.J. Ford', 'Troy Murphy']",Mo Williams,46.52135670185089,Mo Williams,1.0,46.521358489990234,True
2009,MIL,NJN,19,"['Charlie Villanueva', 'Luc Mbah a Moute', 'Ramon Sessions', 'Richard Jefferson']","['Bobby Simmons', 'Brook Lopez', 'Keyon Dooling', 'Vince Carter', 'Yi Jianlian']",Francisco Elson,20.495593547821045,Michael Redd,12.0,0.5905551314353943,False
2009,BOS,NJN,35,"['Glen Davis', 'Kendrick Perkins', 'Rajon Rondo', 'Ray Allen']","['Bobby Simmons', 'Chris Douglas-Roberts', 'Devin Harris', 'Jarvis Hayes', 'Josh Boone']",Paul Pierce,91.26020669937134,Tony Allen,2.0,4.545567512512207,False
2009,DEN,SAC,7,"['Carmelo Anthony', 'Chauncey Billups', 'Kenyon Martin', 'Nene Hilario']","['Andres Nocioni', 'Bobby Jackson', 'Francisco Garcia', 'Ike Diogu', 'Jason Thompson']",Arron Afflalo,35.89198291301727,Dahntay Jones,4.0,7.203806400299072,False
2009,DEN,OKC,41,"['Anthony Carter', 'Carmelo Anthony', 'J.R. Smith', 'Nene Hilario']","['D.J. White', 'Jeff Green', 'Kyle Weaver', 'Nenad Krstic', 'Shaun Livingston']",Arron Afflalo,34.841859340667725,Linas Kleiza,9.0,3.274360179901123,False
2009,MEM,HOU,31,"['Greg Buckner', 'Hakim Warrick', 'Kyle Lowry', 'Marc Gasol']","['Luis Scola', 'Rafer Alston', 'Shane Battier', 'Von Wafer', 'Yao Ming']",Darko Milicic,48.433881998062134,Quinton Ross,8.0,1.0407687425613403,False
2009,CHI,MIL,23,"['Kirk Hinrich', 'Luol Deng', 'Thabo Sefolosha', 'Tyrus Thomas']","['Dan Gadzuric', 'Luc Mbah a Moute', 'Luke Ridnour', 'Michael Redd', 'Richard Jefferson']",Derrick Rose,29.22619879245758,Drew Gooden,39.0,0.16384157538414001,False
2009,SAS,PHI,22,"['Manu Ginobili', 'Michael Finley', 'Tim Duncan', 'Tony Parker']","['Andre Iguodala', 'Andre Miller', 'Marreese Speights', 'Thaddeus Young', 'Willie Green']",Matt Bonner,18.81810575723648,Roger Mason,4.0,8.283945083618164,False
2009,MIA,TOR,35,"['Chris Quinn', 'Daequan Cook', 'Dwyane Wade', 'Joel Anthony']","['Andrea Bargnani', 'Anthony Parker', 'Jason Kapono', 'Jose Calderon', 'Kris Humphries']",Udonis Haslem,32.990723848342896,Shawn Marion,5.0,7.334522247314453,False
2009,DAL,LAC,10,"['Erick Dampier', 'J.J. Barea', 'Jason Terry', 'Josh Howard']","['Brian Skinner', 'Eric Gordon', 'Marcus Camby', 'Mardy Collins', 'Steve Novak']",Dirk Nowitzki,34.09164249897003,Dirk Nowitzki,1.0,34.091644287109375,True
2009,IND,MIL,31,"['Jeff Foster', 'Marquis Daniels', 'Rasho Nesterovic', 'T.J. Ford']","['Charlie Villanueva', 'Luc Mbah a Moute', 'Luke Ridnour', 'Ramon Sessions', 'Richard Jefferson']",Danny Granger,20.6959530711174,Mike Dunleavy,14.0,2.508000373840332,False
2009,MIA,PHI,46,"['Dwyane Wade', 'Mario Chalmers', 'Michael Beasley', 'Yakhouba Diawara']","['Kareem Rush', 'Lou Williams', 'Marreese Speights', 'Reggie Evans', 'Royal Ivey']",Udonis Haslem,25.800257921218872,Udonis Haslem,1.0,25.80025863647461,True
2009,POR,ATL,36,"['Channing Frye', 'LaMarcus Aldridge', 'Rudy Fernandez', 'Sergio Rodriguez']","['Josh Smith', 'Maurice Evans', 'Mike Bibby', 'Ronald Murray', 'Zaza Pachulia']",Brandon Roy,41.65664613246918,Travis Outlaw,2.0,16.484752655029297,False
2009,ATL,DAL,36,"['Joe Johnson', 'Josh Smith', 'Mike Bibby', 'Zaza Pachulia']","['Brandon Bass', 'Dirk Nowitzki', 'J.J. Barea', 'James Singleton', 'Jason Terry']",Marvin Williams,26.808759570121765,Ronald Murray,3.0,20.298038482666016,False
2009,ORL,DAL,16,"['Anthony Johnson', 'Mickael Pietrus', 'Rashard Lewis', 'Tony Battie']","['Antoine Wright', 'Brandon Bass', 'Dirk Nowitzki', 'J.J. Barea', 'Jason Terry']",Hedo Turkoglu,31.057053804397583,Courtney Lee,5.0,6.7631707191467285,False
2009,GSW,WAS,22,"['Anthony Morrow', 'Corey Maggette', 'Jamal Crawford', 'Kelenna Azubuike']","['Andray Blatche', 'Antawn Jamison', 'Caron Butler', 'Mike James', 'Nick Young']",Stephen Jackson,68.30013990402222,Andris Biedrins,12.0,0.8620263934135437,False
2009,LAL,UTA,41,"['Lamar Odom', 'Luke Walton', 'Pau Gasol', 'Sasha Vujacic']","['Andrei Kirilenko', 'Carlos Boozer', 'Deron Williams', 'Kyle Korver', 'Ronnie Brewer']",Jordan Farmar,53.65763306617737,Jordan Farmar,1.0,53.65763473510742,True
2009,DEN,TOR,14,"['Chauncey Billups', 'Chris Andersen', 'J.R. Smith', 'Linas Kleiza']","['Andrea Bargnani', 'Jamario Moon', 'Jason Kapono', 'Kris Humphries', 'Roko Ukic']",Chris Andersen,16.946564614772797,Anthony Carter,12.0,3.253570079803467,False
2009,MEM,DEN,39,"['Hakim Warrick', 'Kyle Lowry', 'O.J. Mayo', 'Quinton Ross']","['Anthony Carter', 'Chris Andersen', 'J.R. Smith', 'Linas Kleiza', 'Nene Hilario']",Marc Gasol,32.86867439746857,Marc Gasol,1.0,32.868675231933594,True
2009,MIN,TOR,34,"['Brian Cardinal', 'Mike Miller', 'Ryan Gomes', 'Sebastian Telfair']","['Andrea Bargnani', 'Anthony Parker', 'Jamario Moon', 'Jason Kapono', 'Joey Graham']",Ryan Gomes,53.830307722091675,Rodney Carney,58.0,0.004844623152166605,False
2009,BOS,PHI,19,"['Kendrick Perkins', 'Kevin Garnett', 'Paul Pierce', 'Rajon Rondo']","['Andre Iguodala', 'Lou Williams', 'Marreese Speights', 'Samuel Dalembert', 'Thaddeus Young']",Ray Allen,96.64889574050903,Ray Allen,1.0,96.64889526367188,True
2009,IND,CHA,21,"['Danny Granger', 'Jeff Foster', 'Mike Dunleavy', 'Troy Murphy']","['Boris Diaw', 'DeSagana Diop', 'Gerald Wallace', 'Raja Bell', 'Sean Singletary']",Jarrett Jack,72.43526577949524,T.J. Ford,3.0,9.588241577148438,False
2009,DET,SAC,45,"['Allen Iverson', 'Amir Johnson', 'Rodney Stuckey', 'Tayshaun Prince']","['Bobby Brown', 'Bobby Jackson', 'Brad Miller', 'John Salmons', 'Kevin Martin']",Amir Johnson,26.961025595664978,Arron Afflalo,9.0,0.8128052353858948,False
2009,LAC,PHO,29,"['Brian Skinner', 'Fred Jones', 'Marcus Camby', 'Mardy Collins']","[""Amar'e Stoudemire"", 'Grant Hill', 'Jason Richardson', ""Shaquille O'Neal"", 'Steve Nash']",Baron Davis,99.34345483779907,Eric Gordon,13.0,9.121853508986533e-06,False
2009,DAL,PHO,20,"['Brandon Bass', 'James Singleton', 'Jason Kidd', 'Jason Terry']","['Grant Hill', 'Jason Richardson', 'Leandro Barbosa', ""Shaquille O'Neal"", 'Steve Nash']",Jason Richardson,89.56789374351501,Josh Howard,30.0,0.001341311726719141,False
2009,PHO,SAC,25,"['Grant Hill', 'Jason Richardson', 'Matt Barnes', 'Steve Nash']","['Andres Nocioni', 'Beno Udrih', 'Francisco Garcia', 'Jason Thompson', 'Spencer Hawes']",Lou Amundson,17.907820641994476,Shaquille O'Neal,3.0,12.44161605834961,False
2009,MIN,MIL,39,"['Brian Cardinal', 'Mike Miller', 'Randy Foye', 'Rodney Carney']","['Andrew Bogut', 'Luc Mbah a Moute', 'Luke Ridnour', 'Michael Redd', 'Richard Jefferson']",Ryan Gomes,39.49023187160492,Kevin Love,2.0,30.372507095336914,False
2009,NYK,MIN,11,"['David Lee', 'Jared Jeffries', 'Nate Robinson', 'Tim Thomas']","['Al Jefferson', 'Craig Smith', 'Randy Foye', 'Rashad McCants', 'Sebastian Telfair']",Al Harrington,16.242247819900513,Chris Duhon,2.0,10.680838584899902,False
2009,SAC,DAL,42,"['Francisco Garcia', 'Jason Thompson', 'Kevin Martin', 'Spencer Hawes']","['Brandon Bass', 'Devean George', 'Dirk Nowitzki', 'Jason Kidd', 'Jason Terry']",Bobby Jackson,24.46061074733734,John Salmons,3.0,12.765644073486328,False
2009,GSW,TOR,24,"['C.J. Watson', 'Jamal Crawford', 'Marco Belinelli', 'Stephen Jackson']","['Anthony Parker', 'Chris Bosh', 'Jamario Moon', 'Jason Kapono', 'Jose Calderon']",Andris Biedrins,21.05831801891327,Ronny Turiaf,3.0,18.124155044555664,False
2009,UTA,DET,35,"['Andrei Kirilenko', 'Brevin Knight', 'Kosta Koufos', 'Ronnie Brewer']","['Allen Iverson', 'Kwame Brown', 'Rasheed Wallace', 'Rodney Stuckey', 'Tayshaun Prince']",Carlos Boozer,16.90429151058197,Ronnie Price,12.0,0.9717003703117371,False
2009,PHI,ORL,42,"['Andre Iguodala', 'Andre Miller', 'Samuel Dalembert', 'Thaddeus Young']","['Anthony Johnson', 'Dwight Howard', 'Hedo Turkoglu', 'Mickael Pietrus', 'Rashard Lewis']",Willie Green,63.885074853897095,Elton Brand,9.0,0.8539624214172363,False
2009,DAL,GSW,27,"['Antoine Wright', 'Dirk Nowitzki', 'Jason Kidd', 'Josh Howard']","['Jamal Crawford', 'Kelenna Azubuike', 'Monta Ellis', 'Ronny Turiaf', 'Stephen Jackson']",Erick Dampier,79.59889769554138,Erick Dampier,1.0,79.5988998413086,True
2009,MIN,MIL,20,"['Al Jefferson', 'Mike Miller', 'Ryan Gomes', 'Sebastian Telfair']","['Charlie Bell', 'Dan Gadzuric', 'Luke Ridnour', 'Michael Redd', 'Richard Jefferson']",Randy Foye,22.815808653831482,Randy Foye,1.0,22.81580924987793,True
2009,GSW,UTA,21,"['Andris Biedrins', 'C.J. Watson', 'Corey Maggette', 'Kelenna Azubuike']","['Carlos Boozer', 'Deron Williams', 'Kyle Korver', 'Mehmet Okur', 'Ronnie Brewer']",Andris Biedrins,9.619487076997757,Anthony Morrow,8.0,3.394477367401123,False
2009,MIL,POR,39,"['Charlie Villanueva', 'Dan Gadzuric', 'Luke Ridnour', 'Richard Jefferson']","['Joel Przybilla', 'LaMarcus Aldridge', 'Rudy Fernandez', 'Sergio Rodriguez', 'Travis Outlaw']",Ramon Sessions,45.75967192649841,Keith Bogans,5.0,3.670819044113159,False
2009,ATL,MIN,18,"['Al Horford', 'Joe Johnson', 'Mario West', 'Maurice Evans']","['Bobby Brown', 'Brian Cardinal', 'Craig Smith', 'Randy Foye', 'Rodney Carney']",Josh Smith,17.866632342338562,Ronald Murray,3.0,16.7321720123291,False
2009,WAS,SAS,29,"['Antawn Jamison', 'Caron Butler', 'Darius Songaila', 'Mike James']","['Kurt Thomas', 'Michael Finley', 'Roger Mason', 'Tim Duncan', 'Tony Parker']",Nick Young,22.894887626171112,Dominic McGuire,3.0,14.099579811096191,False
2009,CHI,MIN,40,"['Andres Nocioni', 'Joakim Noah', 'Larry Hughes', 'Lindsey Hunter']","['Al Jefferson', 'Kevin Love', 'Mike Miller', 'Randy Foye', 'Sebastian Telfair']",Thabo Sefolosha,17.613768577575684,Thabo Sefolosha,1.0,17.61376953125,True
2009,UTA,CHA,21,"['Brevin Knight', 'Kosta Koufos', 'Kyle Korver', 'Mehmet Okur']","['Cartier Martin', 'Juwan Howard', 'Nazr Mohammed', 'Raymond Felton', 'Shannon Brown']",C.J. Miles,25.123006105422974,Ronnie Brewer,10.0,3.6635115146636963,False
2009,ORL,HOU,13,"['Dwight Howard', 'J.J. Redick', 'Mickael Pietrus', 'Tony Battie']","['Aaron Brooks', 'Brent Barry', 'Carl Landry', 'Chuck Hayes', 'Metta World Peace']",Hedo Turkoglu,17.712871730327606,Anthony Johnson,6.0,8.452333450317383,False
2009,OKC,NYK,32,"['Chris Wilcox', 'Desmond Mason', 'Jeff Green', 'Kevin Durant']","['Al Harrington', 'Chris Duhon', 'David Lee', 'Nate Robinson', 'Tim Thomas']",Russell Westbrook,63.55587840080261,Russell Westbrook,1.0,63.555877685546875,True
2009,OKC,POR,5,"['Earl Watson', 'Jeff Green', 'Kevin Durant', 'Kyle Weaver']","['Brandon Roy', 'Greg Oden', 'LaMarcus Aldridge', 'Nicolas Batum', 'Sergio Rodriguez']",Vince Carter,71.49361371994019,Nick Collison,43.0,9.483219071126925e-11,False
2009,OKC,HOU,0,"['Jeff Green', 'Kevin Durant', 'Robert Swift', 'Russell Westbrook']","['Luis Scola', 'Rafer Alston', 'Tracy McGrady', 'Von Wafer', 'Yao Ming']",Damien Wilkins,57.53176212310791,Nick Collison,13.0,0.10412266850471497,False
2009,UTA,OKC,16,"['Deron Williams', 'Kyle Korver', 'Kyrylo Fesenko', 'Mehmet Okur']","['Chris Wilcox', 'Chucky Atkins', 'Earl Watson', 'Jeff Green', 'Nenad Krstic']",Andrei Kirilenko,22.47713953256607,Matt Harpring,4.0,14.634336471557617,False
2009,LAC,GSW,13,"['Eric Gordon', 'Fred Jones', 'Marcus Camby', 'Ricky Davis']","['Andris Biedrins', 'C.J. Watson', 'Corey Maggette', 'Jamal Crawford', 'Stephen Jackson']",Baron Davis,33.12235474586487,Steve Novak,2.0,23.457136154174805,False
2009,PHI,MIL,34,"['Andre Miller', 'Lou Williams', 'Samuel Dalembert', 'Willie Green']","['Charlie Bell', 'Charlie Villanueva', 'Dan Gadzuric', 'Luc Mbah a Moute', 'Luke Ridnour']",Andre Iguodala,35.57216227054596,Thaddeus Young,2.0,25.80960464477539,False
2009,SAS,UTA,7,"['Bruce Bowen', 'George Hill', 'Michael Finley', 'Tim Duncan']","['C.J. Miles', 'Kosta Koufos', 'Mehmet Okur', 'Ronnie Brewer', 'Ronnie Price']",Matt Bonner,15.533368289470673,Matt Bonner,1.0,15.533368110656738,True
2009,MIA,UTA,35,"['Jamario Moon', 'Luther Head', 'Michael Beasley', 'Udonis Haslem']","['Brevin Knight', 'Carlos Boozer', 'Kyle Korver', 'Paul Millsap', 'Ronnie Brewer']",Dwyane Wade,88.4814977645874,Dwyane Wade,1.0,88.48149871826172,True
2009,CLE,NOH,18,"['Anderson Varejao', 'Daniel Gibson', 'LeBron James', 'Mo Williams']","['Antonio Daniels', 'David West', 'Hilton Armstrong', 'James Posey', 'Rasual Butler']",Mo Williams,15.212048590183258,Ben Wallace,13.0,1.6623486280441284,False
2009,TOR,BOS,46,"['Andrea Bargnani', 'Chris Bosh', 'Jamario Moon', 'Jason Kapono']","['Glen Davis', 'Kevin Garnett', 'Paul Pierce', 'Rajon Rondo', 'Ray Allen']",Jose Calderon,80.2672028541565,Roko Ukic,5.0,1.0762121677398682,False
2009,PHO,PHI,13,"['Alando Tucker', 'Goran Dragic', 'Jared Dudley', ""Shaquille O'Neal""]","['Andre Iguodala', 'Lou Williams', 'Marreese Speights', 'Reggie Evans', 'Royal Ivey']",Grant Hill,28.275802731513977,Matt Barnes,4.0,12.553861618041992,False
2009,SAC,MIN,16,"['Beno Udrih', 'Brad Miller', 'John Salmons', 'Kevin Martin']","['Craig Smith', 'Kevin Ollie', 'Mike Miller', 'Rashad McCants', 'Ryan Gomes']",Mikki Moore,13.731767237186432,Mikki Moore,1.0,13.731767654418945,True
2009,ATL,LAC,10,"['Marvin Williams', 'Maurice Evans', 'Ronald Murray', 'Zaza Pachulia']","['DeAndre Jordan', 'Eric Gordon', 'Fred Jones', 'Marcus Camby', 'Ricky Davis']",Joe Johnson,41.27223789691925,Josh Smith,2.0,16.954164505004883,False
2009,ORL,PHO,36,"['Hedo Turkoglu', 'Marcin Gortat', 'Mickael Pietrus', 'Rashard Lewis']","['Goran Dragic', 'Jason Richardson', 'Leandro Barbosa', 'Lou Amundson', 'Matt Barnes']",Anthony Johnson,41.10705554485321,Anthony Johnson,1.0,41.1070556640625,True
2009,DEN,NYK,36,"['Anthony Carter', 'Carmelo Anthony', 'Chris Andersen', 'Linas Kleiza']","['Chris Wilcox', 'David Lee', 'Jared Jeffries', 'Nate Robinson', 'Wilson Chandler']",J.R. Smith,32.404130697250366,J.R. Smith,1.0,32.40412902832031,True
2009,IND,WAS,33,"['Danny Granger', 'Stephen Graham', 'T.J. Ford', 'Travis Diener']","['Antawn Jamison', 'Caron Butler', 'JaVale McGee', 'Javaris Crittenton', 'Nick Young']",Jarrett Jack,53.27979922294617,Rasho Nesterovic,10.0,0.12249907106161118,False
2009,LAC,MIN,10,"['Brian Skinner', 'Eric Gordon', 'Mardy Collins', 'Steve Novak']","['Craig Smith', 'Kevin Love', 'Mike Miller', 'Rodney Carney', 'Sebastian Telfair']",Al Thornton,12.454324215650558,Ricky Davis,14.0,2.417926549911499,False
2009,ORL,PHO,43,"['Courtney Lee', 'Dwight Howard', 'Rafer Alston', 'Rashard Lewis']","['Grant Hill', 'Jason Richardson', 'Leandro Barbosa', ""Shaquille O'Neal"", 'Steve Nash']",Hedo Turkoglu,99.95927214622498,Hedo Turkoglu,1.0,99.95927429199219,True
2009,MIA,TOR,32,"['Dwyane Wade', 'Mario Chalmers', 'Shawn Marion', 'Udonis Haslem']","['Andrea Bargnani', 'Anthony Parker', 'Chris Bosh', ""Jermaine O'Neal"", 'Jose Calderon']",Daequan Cook,12.056170403957367,Daequan Cook,1.0,12.056170463562012,True
2009,PHO,POR,9,"[""Amar'e Stoudemire"", 'Boris Diaw', 'Matt Barnes', 'Sean Singletary']","['Brandon Roy', 'Greg Oden', 'Rudy Fernandez', 'Steve Blake', 'Travis Outlaw']",Grant Hill,90.2019202709198,Raja Bell,6.0,0.44484743475914,False
2009,ATL,ORL,42,"['Al Horford', 'Josh Smith', 'Marvin Williams', 'Mike Bibby']","['Courtney Lee', 'Dwight Howard', 'Hedo Turkoglu', 'Jameer Nelson', 'Rashard Lewis']",Joe Johnson,91.13552570343018,Joe Johnson,1.0,91.13552856445312,True
2010,GSW,UTA,33,"['Anthony Tolliver', 'C.J. Watson', 'Chris Hunter', 'Devean George']","['Andrei Kirilenko', 'C.J. Miles', 'Carlos Boozer', 'Deron Williams', 'Wesley Matthews']",Stephen Curry,57.95349478721619,Monta Ellis,2.0,27.04777717590332,False
2010,BOS,CHA,20,"['Kendrick Perkins', 'Paul Pierce', 'Rajon Rondo', 'Ray Allen']","['Boris Diaw', 'D.J. Augustin', 'Stephen Graham', 'Stephen Jackson', 'Theo Ratliff']",Kevin Garnett,57.742297649383545,Kevin Garnett,1.0,57.7422981262207,True
2010,LAL,MEM,46,"['Didier Ilunga-Mbenga', 'Jordan Farmar', 'Kobe Bryant', 'Lamar Odom']","['Marc Gasol', 'Mike Conley', 'O.J. Mayo', 'Rudy Gay', 'Zach Randolph']",Shannon Brown,33.90677571296692,Metta World Peace,2.0,23.059194564819336,False
2010,MEM,DEN,35,"['Jamaal Tinsley', 'Marc Gasol', 'O.J. Mayo', 'Rudy Gay']","['Anthony Carter', 'Carmelo Anthony', 'Chris Andersen', 'J.R. Smith', 'Kenyon Martin']",Hasheem Thabeet,19.098883867263794,Zach Randolph,3.0,11.001045227050781,False
2010,MIA,PHI,41,"['Dorell Wright', 'Dwyane Wade', ""Jermaine O'Neal"", 'Udonis Haslem']","['Elton Brand', 'Jason Kapono', 'Jason Smith', 'Jodie Meeks', 'Lou Williams']",Mario Chalmers,61.95847988128662,Mario Chalmers,1.0,61.95848083496094,True
2010,PHO,MEM,21,"[""Amar'e Stoudemire"", 'Channing Frye', 'Grant Hill', 'Jason Richardson']","['Marc Gasol', 'Mike Conley', 'Rudy Gay', 'Sam Young', 'Zach Randolph']",Steve Nash,82.24401473999023,Steve Nash,1.0,82.2440185546875,True
2010,HOU,MIA,45,"['Aaron Brooks', 'Luis Scola', 'Shane Battier', 'Trevor Ariza']","['Dwyane Wade', ""Jermaine O'Neal"", 'Quentin Richardson', 'Rafer Alston', 'Udonis Haslem']",Carl Landry,18.089257180690765,David Andersen,6.0,6.369051933288574,False
2010,MIL,DEN,9,"['Andrew Bogut', 'Hakim Warrick', 'Jodie Meeks', 'Luc Mbah a Moute']","['Carmelo Anthony', 'Chauncey Billups', 'Chris Andersen', 'J.R. Smith', 'Kenyon Martin']",Brandon Jennings,73.90480637550354,Brandon Jennings,1.0,73.9048080444336,True
2010,IND,BOS,43,"['Brandon Rush', 'Dahntay Jones', 'Danny Granger', 'Roy Hibbert']","['Kendrick Perkins', 'Kevin Garnett', 'Paul Pierce', 'Rajon Rondo', 'Ray Allen']",Earl Watson,67.72971153259277,Earl Watson,1.0,67.7297134399414,True
2010,UTA,MIL,20,"['Andrei Kirilenko', 'Carlos Boozer', 'Deron Williams', 'Paul Millsap']","['Brandon Jennings', 'Carlos Delfino', 'Charlie Bell', 'Dan Gadzuric', 'Ersan Ilyasova']",Ronnie Brewer,53.62359285354614,Wesley Matthews,2.0,20.34210968017578,False
2010,PHO,LAL,31,"[""Amar'e Stoudemire"", 'Grant Hill', 'Jared Dudley', 'Steve Nash']","['Andrew Bynum', 'Derek Fisher', 'Kobe Bryant', 'Metta World Peace', 'Pau Gasol']",Jason Richardson,17.07346737384796,Lou Amundson,10.0,4.150457382202148,False
2010,OKC,HOU,42,"['Kevin Durant', 'Russell Westbrook', 'Serge Ibaka', 'Thabo Sefolosha']","['Carl Landry', 'Chase Budinger', 'David Andersen', 'Kyle Lowry', 'Shane Battier']",Jeff Green,35.728225111961365,Jeff Green,1.0,35.72822570800781,True
2010,DAL,GSW,0,"['Dirk Nowitzki', 'Eduardo Najera', 'Jason Kidd', 'Shawn Marion']","['Andris Biedrins', 'Corey Maggette', 'Monta Ellis', 'Ronny Turiaf', 'Stephen Curry']",Jason Kidd,79.46000099182129,Jason Terry,2.0,10.018135070800781,False
2010,IND,MIN,28,"['Earl Watson', 'Josh McRoberts', 'Luther Head', 'Roy Hibbert']","['Al Jefferson', 'Corey Brewer', 'Damien Wilkins', 'Jonny Flynn', 'Kevin Love']",Danny Granger,25.21364390850067,Mike Dunleavy,2.0,24.351333618164062,False
2010,ATL,LAL,47,"['Jeff Teague', 'Mario West', 'Maurice Evans', 'Zaza Pachulia']","['Adam Morrison', 'Didier Ilunga-Mbenga', 'Jordan Farmar', 'Josh Powell', 'Shannon Brown']",Josh Smith,29.132801294326782,Jason Collins,10.0,2.8066353797912598,False
2010,LAC,MIN,13,"['Al Thornton', 'Craig Smith', 'DeAndre Jordan', 'Sebastian Telfair']","['Brian Cardinal', 'Nathan Jawai', 'Ramon Sessions', 'Sasha Pavlovic', 'Wayne Ellington']",Eric Gordon,59.633034467697144,Eric Gordon,1.0,59.633033752441406,True
2010,CHI,NJN,15,"['Chris Richard', 'Hakim Warrick', 'Kirk Hinrich', 'Ronald Murray']","['Chris Douglas-Roberts', 'Josh Boone', 'Keyon Dooling', 'Terrence Williams', 'Yi Jianlian']",Taj Gibson,6.843242794275284,Jannero Pargo,3.0,5.071117401123047,False
2010,TOR,ORL,37,"['Andrea Bargnani', 'Antoine Wright', 'Hedo Turkoglu', 'Jarrett Jack']","['Anthony Johnson', 'Brandon Bass', 'Dwight Howard', 'J.J. Redick', 'Jameer Nelson']",Chris Bosh,22.728881239891052,Chris Bosh,1.0,22.7288818359375,True
2010,PHO,HOU,42,"[""Amar'e Stoudemire"", 'Goran Dragic', 'Jared Dudley', 'Leandro Barbosa']","['Aaron Brooks', 'Kyle Lowry', 'Luis Scola', 'Shane Battier', 'Trevor Ariza']",Lou Amundson,30.324602127075195,Channing Frye,3.0,13.908624649047852,False
2010,DEN,MIL,8,"['Carmelo Anthony', 'Chauncey Billups', 'Chris Andersen', 'Nene Hilario']","['Ersan Ilyasova', 'Jerry Stackhouse', 'John Salmons', 'Kurt Thomas', 'Luke Ridnour']",Arron Afflalo,59.882599115371704,J.R. Smith,2.0,34.5357551574707,False
2010,DEN,LAL,15,"['Carmelo Anthony', 'Chris Andersen', 'J.R. Smith', 'Ty Lawson']","['Didier Ilunga-Mbenga', 'Jordan Farmar', 'Lamar Odom', 'Metta World Peace', 'Shannon Brown']",Kenyon Martin,47.8900671005249,Nene Hilario,2.0,19.367876052856445,False
2010,UTA,SAS,10,"['C.J. Miles', 'Carlos Boozer', 'Paul Millsap', 'Wesley Matthews']","['Antonio McDyess', 'George Hill', 'Manu Ginobili', 'Roger Mason', 'Tim Duncan']",Ronnie Price,93.6841607093811,Deron Williams,2.0,3.6399986743927,False
2010,HOU,TOR,30,"['Chuck Hayes', 'David Andersen', 'Kevin Martin', 'Shane Battier']","['Andrea Bargnani', 'DeMar DeRozan', 'Jarrett Jack', 'Rasho Nesterovic', 'Sonny Weems']",Aaron Brooks,29.87615466117859,Aaron Brooks,1.0,29.87615394592285,True
2010,HOU,PHO,0,"['Aaron Brooks', 'Chuck Hayes', 'Luis Scola', 'Shane Battier']","[""Amar'e Stoudemire"", 'Channing Frye', 'Grant Hill', 'Jason Richardson', 'Steve Nash']",Jason Richardson,99.42076206207275,Trevor Ariza,25.0,5.4561788597605204e-18,False
2010,MEM,PHO,25,"['Marc Gasol', 'Mike Conley', 'O.J. Mayo', 'Rudy Gay']","[""Amar'e Stoudemire"", 'Grant Hill', 'Leandro Barbosa', 'Robin Lopez', 'Steve Nash']",Rudy Gay,99.40705895423889,Zach Randolph,57.0,1.9538044793154796e-10,False
2010,TOR,CHA,42,"['Andrea Bargnani', 'Chris Bosh', 'Jarrett Jack', 'Sonny Weems']","['Boris Diaw', 'D.J. Augustin', 'Gerald Wallace', 'Ronald Murray', 'Stephen Jackson']",Hedo Turkoglu,26.15618407726288,Antoine Wright,6.0,8.381300926208496,False
2010,LAC,SAC,29,"['Brian Skinner', 'Chris Kaman', 'Eric Gordon', 'Rasual Butler']","['Beno Udrih', 'Carl Landry', 'Jason Thompson', 'Omri Casspi', 'Tyreke Evans']",Baron Davis,95.96661925315857,Steve Blake,3.0,1.1802362203598022,False
2010,PHI,BOS,43,"['Jason Smith', 'Jrue Holiday', 'Marreese Speights', 'Thaddeus Young']","['Eddie House', 'Lester Hudson', 'Marquis Daniels', 'Rasheed Wallace', 'Shelden Williams']",Lou Williams,66.85069799423218,Willie Green,7.0,0.358328640460968,False
2010,HOU,GSW,35,"['Aaron Brooks', 'Carl Landry', 'Chuck Hayes', 'Trevor Ariza']","['C.J. Watson', 'Devean George', 'Monta Ellis', 'Ronny Turiaf', 'Stephen Curry']",Shane Battier,40.676942467689514,Shane Battier,1.0,40.67694091796875,True
2010,PHI,POR,34,"['Andre Iguodala', 'Jrue Holiday', 'Samuel Dalembert', 'Willie Green']","['Andre Miller', 'Jeff Ayres', 'Jerryd Bayless', 'LaMarcus Aldridge', 'Rudy Fernandez']",Jason Kapono,10.308081656694412,Elton Brand,10.0,4.663974761962891,False
2010,CLE,TOR,11,"['Anderson Varejao', 'Delonte West', 'Jawad Williams', 'LeBron James']","['Amir Johnson', 'Andrea Bargnani', 'Antoine Wright', 'DeMar DeRozan', 'Jose Calderon']",Jamario Moon,16.393838822841644,Zydrunas Ilgauskas,4.0,6.718571662902832,False
2010,MIN,SAC,19,"['Al Jefferson', 'Corey Brewer', 'Darko Milicic', 'Sasha Pavlovic']","['Andres Nocioni', 'Carl Landry', 'Donte Greene', 'Jason Thompson', 'Tyreke Evans']",Leandro Barbosa,85.61933040618896,Jonny Flynn,21.0,6.643106189585524e-07,False
2010,DAL,SAS,35,"['J.J. Barea', 'Jason Kidd', 'Jason Terry', 'Kris Humphries']","['Antonio McDyess', 'Keith Bogans', 'Matt Bonner', 'Richard Jefferson', 'Roger Mason']",Erick Dampier,33.174675703048706,Drew Gooden,3.0,12.502872467041016,False
2010,SAC,POR,20,"['Beno Udrih', 'Carl Landry', 'Sean May', 'Tyreke Evans']","['Andre Miller', 'Brandon Roy', 'LaMarcus Aldridge', 'Marcus Camby', 'Nicolas Batum']",Arron Afflalo,64.4122302532196,Andres Nocioni,79.0,2.3043330656946637e-06,False
2010,PHI,HOU,36,"['Allen Iverson', 'Elton Brand', 'Jason Kapono', 'Willie Green']","['Aaron Brooks', 'Carl Landry', 'David Andersen', 'Kyle Lowry', 'Trevor Ariza']",Samuel Dalembert,18.1584432721138,Thaddeus Young,2.0,15.548526763916016,False
2010,SAC,PHO,43,"['Beno Udrih', 'Jon Brockman', 'Omri Casspi', 'Sean May']","[""Amar'e Stoudemire"", 'Goran Dragic', 'Jared Dudley', 'Robin Lopez', 'Steve Nash']",Darko Milicic,65.22328853607178,Sergio Rodriguez,237.0,5.180174662338133e-22,False
2010,LAC,CHI,37,"['Al Thornton', 'Craig Smith', 'Ricky Davis', 'Sebastian Telfair']","['Derrick Rose', 'James Johnson', 'Jannero Pargo', 'Joakim Noah', 'Tyrus Thomas']",Chris Kaman,31.656360626220703,Marcus Camby,3.0,18.63252830505371,False
2010,IND,CHA,22,"['Brandon Rush', 'Dahntay Jones', 'Roy Hibbert', 'T.J. Ford']","['D.J. Augustin', 'Gerald Wallace', 'Stephen Graham', 'Stephen Jackson', 'Tyson Chandler']",Dahntay Jones,18.34406703710556,Troy Murphy,7.0,3.717771053314209,False
2010,DET,NOH,37,"['Austin Daye', 'Charlie Villanueva', 'Jonas Jerebko', 'Rodney Stuckey']","['Chris Paul', 'Darius Songaila', 'James Posey', 'Marcus Thornton', 'Peja Stojakovic']",Richard Hamilton,56.885045766830444,Jason Maxiell,3.0,7.3403754234313965,False
2010,MIN,DEN,44,"['Damien Wilkins', 'Kevin Love', 'Ramon Sessions', 'Ryan Gomes']","['Arron Afflalo', 'Carmelo Anthony', 'Chauncey Billups', 'Chris Andersen', 'J.R. Smith']",Corey Brewer,19.450148940086365,Corey Brewer,1.0,19.450149536132812,True
2010,LAC,WAS,8,"['Baron Davis', 'Chris Kaman', 'Marcus Camby', 'Rasual Butler']","['Antawn Jamison', 'Brendan Haywood', 'Caron Butler', 'Gilbert Arenas', 'Nick Young']",Baron Davis,87.36122846603394,Eric Gordon,4.0,2.1753385066986084,False
2010,LAC,IND,24,"['Al Thornton', 'Baron Davis', 'Chris Kaman', 'Marcus Camby']","['Dahntay Jones', 'Danny Granger', 'Roy Hibbert', 'T.J. Ford', 'Troy Murphy']",Rasual Butler,33.88303816318512,Eric Gordon,3.0,13.628122329711914,False
2010,UTA,MIN,40,"['Mehmet Okur', 'Paul Millsap', 'Ronnie Brewer', 'Wesley Matthews']","['Al Jefferson', 'Corey Brewer', 'Damien Wilkins', 'Jonny Flynn', 'Kevin Love']",Deron Williams,34.1364711523056,Deron Williams,1.0,34.136470794677734,True
2010,MEM,WAS,13,"['Hasheem Thabeet', 'O.J. Mayo', 'Sam Young', 'Zach Randolph']","['Andray Blatche', 'Antawn Jamison', 'Dominic McGuire', 'Earl Boykins', 'Nick Young']",Mike Conley,70.07872462272644,Jamaal Tinsley,4.0,1.2793028354644775,False
2010,OKC,MEM,0,"['Kevin Durant', 'Nick Collison', 'Russell Westbrook', 'Thabo Sefolosha']","['Hasheem Thabeet', 'Mike Conley', 'O.J. Mayo', 'Rudy Gay', 'Zach Randolph']",Jeff Green,40.30202329158783,Jeff Green,1.0,40.302024841308594,True
2010,MEM,SAS,34,"['Hasheem Thabeet', 'Jamaal Tinsley', 'O.J. Mayo', 'Rudy Gay']","['George Hill', 'Ian Mahinmi', 'Manu Ginobili', 'Tim Duncan', 'Tony Parker']",Zach Randolph,17.07710474729538,Zach Randolph,1.0,17.077104568481445,True
2010,DEN,TOR,23,"['Carmelo Anthony', 'Chauncey Billups', 'Kenyon Martin', 'Ty Lawson']","['Andrea Bargnani', 'Antoine Wright', 'Chris Bosh', 'Jarrett Jack', 'Jose Calderon']",Chris Andersen,30.323773622512817,Nene Hilario,2.0,22.04115104675293,False
2010,NYK,MIN,8,"['Al Harrington', 'Chris Duhon', 'Jared Jeffries', 'Nate Robinson']","['Kevin Love', 'Ramon Sessions', 'Ryan Hollins', 'Sasha Pavlovic', 'Wayne Ellington']",David Lee,31.32806122303009,Wilson Chandler,2.0,19.19356918334961,False
2010,ATL,CHI,13,"['Jamal Crawford', 'Jeff Teague', 'Joe Smith', 'Zaza Pachulia']","['Brad Miller', 'John Salmons', 'Kirk Hinrich', 'Luol Deng', 'Taj Gibson']",Joe Johnson,23.008911311626434,Maurice Evans,2.0,16.572643280029297,False
2010,SAC,HOU,46,"['Beno Udrih', 'Jason Thompson', 'Spencer Hawes', 'Tyreke Evans']","['Aaron Brooks', 'Chuck Hayes', 'Luis Scola', 'Shane Battier', 'Trevor Ariza']",Omri Casspi,35.50782799720764,Andres Nocioni,7.0,3.68534255027771,False
2010,MIN,CHA,38,"['Damien Wilkins', 'Ramon Sessions', 'Ryan Gomes', 'Wayne Ellington']","['D.J. Augustin', 'Gerald Wallace', 'Ronald Murray', 'Stephen Jackson', 'Tyson Chandler']",Al Jefferson,54.74628806114197,Al Jefferson,1.0,54.74628829956055,True
2010,LAC,NJN,42,"['Chris Kaman', 'Craig Smith', 'Rasual Butler', 'Sebastian Telfair']","['Brook Lopez', 'Chris Douglas-Roberts', 'Courtney Lee', 'Devin Harris', 'Yi Jianlian']",Rasual Butler,25.346407294273376,Ricky Davis,6.0,3.8209259510040283,False
2010,DET,WAS,20,"['Ben Gordon', 'Jason Maxiell', 'Jonas Jerebko', 'Richard Hamilton']","['Al Thornton', 'Andray Blatche', 'JaVale McGee', 'Mike Miller', 'Randy Foye']",Tayshaun Prince,49.59302246570587,Will Bynum,5.0,4.490340709686279,False
2010,DEN,GSW,25,"['Arron Afflalo', 'Joey Graham', 'Kenyon Martin', 'Nene Hilario']","['Anthony Randolph', 'Corey Maggette', 'Monta Ellis', 'Ronny Turiaf', 'Stephen Curry']",Chauncey Billups,42.79446005821228,Ty Lawson,3.0,28.335834503173828,False
2010,UTA,DEN,8,"['Carlos Boozer', 'Deron Williams', 'Paul Millsap', 'Ronnie Brewer']","['Anthony Carter', 'J.R. Smith', 'Joey Graham', 'Kenyon Martin', 'Nene Hilario']",Mehmet Okur,36.813053488731384,Andrei Kirilenko,2.0,14.256559371948242,False
2010,PHI,CHA,0,"['Andre Iguodala', 'Elton Brand', 'Lou Williams', 'Thaddeus Young']","['Boris Diaw', 'Gerald Wallace', 'Raymond Felton', 'Stephen Jackson', 'Tyson Chandler']",Jrue Holiday,28.599295020103455,Samuel Dalembert,14.0,1.0366175174713135,False
2010,OKC,GSW,28,"['Jeff Green', 'Nenad Krstic', 'Russell Westbrook', 'Thabo Sefolosha']","['Anthony Tolliver', 'Corey Maggette', 'Monta Ellis', 'Ronny Turiaf', 'Stephen Curry']",Kevin Durant,99.16664958000183,Kevin Durant,1.0,99.1666488647461,True
2010,OKC,MIN,0,"['Jeff Green', 'Nenad Krstic', 'Russell Westbrook', 'Thabo Sefolosha']","['Al Jefferson', 'Corey Brewer', 'Jonny Flynn', 'Ryan Gomes', 'Ryan Hollins']",Vince Carter,59.759873151779175,Kevin Durant,3.0,0.0010135076008737087,False
2010,ATL,LAL,15,"['Jamal Crawford', 'Jeff Teague', 'Maurice Evans', 'Zaza Pachulia']","['Didier Ilunga-Mbenga', 'Jordan Farmar', 'Kobe Bryant', 'Metta World Peace', 'Shannon Brown']",Josh Smith,21.606814861297607,Marvin Williams,4.0,11.93267822265625,False
2010,MIN,NOH,16,"['Al Jefferson', 'Kevin Love', 'Ramon Sessions', 'Ryan Gomes']","['Chris Paul', 'David West', 'Hilton Armstrong', 'James Posey', 'Marcus Thornton']",Corey Brewer,37.5006228685379,Wayne Ellington,3.0,5.439892292022705,False
2010,OKC,MEM,13,"['Eric Maynor', 'James Harden', 'Serge Ibaka', 'Thabo Sefolosha']","['Darrell Arthur', 'Hamed Haddadi', 'Marcus Williams', 'Rudy Gay', 'Sam Young']",Nick Collison,14.216502010822296,Etan Thomas,11.0,3.049863576889038,False
2010,MIL,WAS,23,"['Brandon Jennings', 'Carlos Delfino', 'Ersan Ilyasova', 'Kurt Thomas']","['Al Thornton', 'Andray Blatche', 'James Singleton', 'Mike Miller', 'Randy Foye']",Carlos Delfino,92.97685623168945,John Salmons,3.0,1.8302265405654907,False
2010,POR,OKC,39,"['Andre Miller', 'Jerryd Bayless', 'Juwan Howard', 'LaMarcus Aldridge']","['Eric Maynor', 'James Harden', 'Jeff Green', 'Serge Ibaka', 'Thabo Sefolosha']",Martell Webster,23.215538263320923,Martell Webster,1.0,23.215538024902344,True
2010,ORL,PHO,23,"['J.J. Redick', 'Marcin Gortat', 'Mickael Pietrus', 'Ryan Anderson']","['Grant Hill', 'Jarron Collins', 'Jason Richardson', 'Lou Amundson', 'Steve Nash']",Jason Richardson,52.69584655761719,Jameer Nelson,4.0,0.008253899402916431,False
2010,CHI,CHA,12,"['Brad Miller', 'Hakim Warrick', 'Ronald Murray', 'Taj Gibson']","['Gerald Wallace', 'Larry Hughes', 'Raymond Felton', 'Tyrus Thomas', 'Tyson Chandler']",Derrick Rose,53.35608720779419,Derrick Rose,1.0,53.35608673095703,True
2010,CHI,LAC,46,"['Devin Brown', 'James Johnson', 'Taj Gibson', 'Tyrus Thomas']","['Baron Davis', 'Chris Kaman', 'Eric Gordon', 'Marcus Camby', 'Rasual Butler']",Derrick Rose,70.08888125419617,Jannero Pargo,4.0,0.302651584148407,False
2010,PHI,MIN,35,"['Elton Brand', 'Lou Williams', 'Thaddeus Young', 'Willie Green']","['Damien Wilkins', 'Kevin Love', 'Ramon Sessions', 'Ryan Hollins', 'Wayne Ellington']",Andre Iguodala,58.475297689437866,Andre Iguodala,1.0,58.47529602050781,True
2010,WAS,CLE,24,"['Antawn Jamison', 'Brendan Haywood', 'Gilbert Arenas', 'Mike Miller']","['Anthony Parker', 'Daniel Gibson', 'Darnell Jackson', 'Jamario Moon', 'Mo Williams']",Caron Butler,37.48672902584076,Caron Butler,1.0,37.48672866821289,True
2010,SAC,MIN,30,"['Donte Greene', 'Jason Thompson', 'Spencer Hawes', 'Tyreke Evans']","['Al Jefferson', 'Corey Brewer', 'Jonny Flynn', 'Kevin Love', 'Sasha Pavlovic']",Tyreke Evans,24.630077183246613,Omri Casspi,3.0,15.121847152709961,False
2010,GSW,DEN,45,"['Anthony Morrow', 'Anthony Tolliver', 'Monta Ellis', 'Stephen Curry']","['Carmelo Anthony', 'Chauncey Billups', 'Chris Andersen', 'J.R. Smith', 'Nene Hilario']",Chris Hunter,8.73306468129158,Ronny Turiaf,4.0,5.999898910522461,False
2010,TOR,CHI,41,"['Andrea Bargnani', 'Hedo Turkoglu', 'Jarrett Jack', 'Sonny Weems']","['Hakim Warrick', 'Jannero Pargo', 'Joakim Noah', 'Kirk Hinrich', 'Ronald Murray']",Chris Bosh,55.14633059501648,Amir Johnson,2.0,18.118038177490234,False
2010,TOR,SAC,10,"['Amir Johnson', 'Andrea Bargnani', 'Jose Calderon', 'Sonny Weems']","['Andres Nocioni', 'Jason Thompson', 'Kevin Martin', 'Spencer Hawes', 'Tyreke Evans']",Hedo Turkoglu,99.72410202026367,Antoine Wright,74.0,3.793260699371788e-17,False
2010,POR,ORL,8,"['Andre Miller', 'Jeff Ayres', 'LaMarcus Aldridge', 'Steve Blake']","['Dwight Howard', 'Jameer Nelson', 'Matt Barnes', 'Rashard Lewis', 'Vince Carter']",Martell Webster,30.323761701583862,Martell Webster,1.0,30.323760986328125,True
2010,MIL,PHO,0,"['Brandon Jennings', 'Carlos Delfino', 'John Salmons', 'Luc Mbah a Moute']","[""Amar'e Stoudemire"", 'Grant Hill', 'Jarron Collins', 'Jason Richardson', 'Steve Nash']",Caron Butler,98.68818521499634,Andrew Bogut,2.0,1.1867601871490479,False
2010,PHO,SAC,29,"[""Amar'e Stoudemire"", 'Grant Hill', 'Robin Lopez', 'Steve Nash']","['Carl Landry', 'Dominic McGuire', 'Donte Greene', 'Jason Thompson', 'Tyreke Evans']",Jason Richardson,87.14667558670044,Jason Richardson,1.0,87.14667510986328,True
2010,DEN,TOR,9,"['Carmelo Anthony', 'Chauncey Billups', 'Kenyon Martin', 'Nene Hilario']","['Amir Johnson', 'Jose Calderon', 'Marco Belinelli', 'Rasho Nesterovic', 'Sonny Weems']",Arron Afflalo,61.92333698272705,J.R. Smith,2.0,20.887592315673828,False
2010,BOS,CHA,11,"['Glen Davis', 'Marquis Daniels', 'Rasheed Wallace', 'Tony Allen']","['Derrick Brown', 'Gerald Wallace', 'Raymond Felton', 'Stephen Graham', 'Tyrus Thomas']",Rajon Rondo,49.476221203804016,Nate Robinson,3.0,9.55716323852539,False
2010,DEN,ATL,20,"['Anthony Carter', 'Carmelo Anthony', 'J.R. Smith', 'Kenyon Martin']","['Al Horford', 'Joe Johnson', 'Josh Smith', 'Marvin Williams', 'Mike Bibby']",Nene Hilario,55.96188306808472,Nene Hilario,1.0,55.961883544921875,True
2010,MIL,CHI,9,"['Andrew Bogut', 'Brandon Jennings', 'Luc Mbah a Moute', 'Michael Redd']","['Brad Miller', 'John Salmons', 'Kirk Hinrich', 'Luol Deng', 'Tyrus Thomas']",Jerry Stackhouse,22.767828404903412,Ersan Ilyasova,8.0,4.109180927276611,False
2010,ATL,HOU,25,"['Joe Johnson', 'Josh Smith', 'Marvin Williams', 'Mike Bibby']","['Aaron Brooks', 'Chuck Hayes', 'Luis Scola', 'Shane Battier', 'Trevor Ariza']",Al Horford,52.37239599227905,Al Horford,1.0,52.37239456176758,True
2010,SAC,NOH,19,"['Beno Udrih', 'Jason Thompson', 'Jon Brockman', 'Tyreke Evans']","['Darius Songaila', 'Darren Collison', 'David West', 'Julian Wright', 'Marcus Thornton']",Omri Casspi,18.398211896419525,Sergio Rodriguez,10.0,2.4915785789489746,False
2010,ORL,LAL,13,"['Jason Williams', 'Marcin Gortat', 'Mickael Pietrus', 'Rashard Lewis']","['Andrew Bynum', 'Jordan Farmar', 'Lamar Odom', 'Metta World Peace', 'Shannon Brown']",Vince Carter,79.07371520996094,J.J. Redick,2.0,12.47527027130127,False
2010,SAS,NJN,7,"['DeJuan Blair', 'Manu Ginobili', 'Tim Duncan', 'Tony Parker']","['Brook Lopez', 'Chris Douglas-Roberts', 'Courtney Lee', 'Keyon Dooling', 'Yi Jianlian']",Richard Jefferson,42.255088686943054,Keith Bogans,2.0,19.11687469482422,False
2010,OKC,SAS,6,"['Kevin Durant', 'Russell Westbrook', 'Serge Ibaka', 'Thabo Sefolosha']","['George Hill', 'Keith Bogans', 'Manu Ginobili', 'Matt Bonner', 'Tim Duncan']",Kendrick Perkins,95.47147750854492,Nick Collison,13.0,9.488358898579463e-08,False
2010,DEN,LAC,40,"['Arron Afflalo', 'J.R. Smith', 'Kenyon Martin', 'Ty Lawson']","['Al Thornton', 'Baron Davis', 'Craig Smith', 'Rasual Butler', 'Steve Novak']",Linas Kleiza,61.18091940879822,Chris Andersen,16.0,0.01213406678289175,False
2010,CLE,DAL,21,"['Delonte West', 'Jamario Moon', 'LeBron James', 'Mo Williams']","['Dirk Nowitzki', 'J.J. Barea', 'Jason Terry', 'Kris Humphries', 'Shawn Marion']",Anderson Varejao,59.46539640426636,J.J. Hickson,3.0,6.7725629806518555,False
2010,IND,MEM,23,"['Brandon Rush', 'Earl Watson', 'Luther Head', 'Roy Hibbert']","['Hasheem Thabeet', 'Mike Conley', 'O.J. Mayo', 'Rudy Gay', 'Zach Randolph']",Dahntay Jones,28.8958877325058,Josh McRoberts,4.0,8.036767959594727,False
2010,MIN,GSW,13,"['Al Jefferson', 'Ramon Sessions', 'Sasha Pavlovic', 'Wayne Ellington']","['Andris Biedrins', 'Anthony Morrow', 'C.J. Watson', 'Monta Ellis', 'Vladimir Radmanovic']",Kevin Love,16.522710025310516,Oleksiy Pecherov,10.0,3.893340826034546,False
2010,SAS,CHI,18,"['DeJuan Blair', 'Richard Jefferson', 'Tim Duncan', 'Tony Parker']","['Brad Miller', 'Derrick Rose', 'John Salmons', 'Luol Deng', 'Tyrus Thomas']",Manu Ginobili,23.210343718528748,Roger Mason,4.0,10.492323875427246,False
2010,DEN,SAS,23,"['Arron Afflalo', 'Carmelo Anthony', 'Chauncey Billups', 'Joey Graham']","['George Hill', 'Manu Ginobili', 'Michael Finley', 'Richard Jefferson', 'Tim Duncan']",Arron Afflalo,37.2957706451416,Nene Hilario,5.0,6.612797260284424,False
2010,LAL,NJN,37,"['Adam Morrison', 'Jordan Farmar', 'Lamar Odom', 'Pau Gasol']","['Bobby Simmons', 'Brook Lopez', 'Courtney Lee', 'Devin Harris', 'Terrence Williams']",Kobe Bryant,63.53277564048767,Shannon Brown,2.0,12.769980430603027,False
2010,NYK,SAC,32,"['Al Harrington', 'Chris Duhon', 'Danilo Gallinari', 'David Lee']","['Andres Nocioni', 'Donte Greene', 'Jason Thompson', 'Kevin Martin', 'Tyreke Evans']",Jason Richardson,99.998939037323,Wilson Chandler,100.0,3.2082791977923778e-27,False
2010,MEM,NOH,15,"['DeMarre Carroll', 'Marcus Williams', 'Rudy Gay', 'Sam Young']","['Aaron Gray', 'Chris Paul', 'Darren Collison', 'James Posey', 'Julian Wright']",O.J. Mayo,20.111262798309326,Hamed Haddadi,96.0,0.06211914122104645,False
2010,UTA,NYK,26,"['Carlos Boozer', 'Deron Williams', 'Mehmet Okur', 'Wesley Matthews']","['Al Harrington', 'Danilo Gallinari', 'David Lee', 'Toney Douglas', 'Tracy McGrady']",Wesley Matthews,99.99990463256836,C.J. Miles,5.0,2.0830388791637233e-07,False
2010,ORL,PHI,19,"['Dwight Howard', 'J.J. Redick', 'Jameer Nelson', 'Matt Barnes']","['Andre Iguodala', 'Elton Brand', 'Marreese Speights', 'Rodney Carney', 'Willie Green']",Rashard Lewis,52.567505836486816,Ryan Anderson,7.0,1.260177731513977,False
2010,IND,LAL,20,"['Brandon Rush', 'Earl Watson', 'Mike Dunleavy', 'Roy Hibbert']","['Derek Fisher', 'Kobe Bryant', 'Lamar Odom', 'Metta World Peace', 'Pau Gasol']",Dahntay Jones,23.695264756679535,Troy Murphy,7.0,5.415591239929199,False
2010,PHO,LAC,41,"['Channing Frye', 'Grant Hill', 'Jared Dudley', 'Robin Lopez']","['Baron Davis', 'Craig Smith', 'Drew Gooden', 'Rasual Butler', 'Steve Blake']",Steve Nash,70.7598626613617,Goran Dragic,5.0,0.0005042327102273703,False
2010,LAL,NJN,19,"['Derek Fisher', 'Lamar Odom', 'Metta World Peace', 'Pau Gasol']","['Chris Douglas-Roberts', 'Devin Harris', 'Josh Boone', 'Terrence Williams', 'Trenton Hassell']",Kobe Bryant,96.38487696647644,Kobe Bryant,1.0,96.38488006591797,True
2010,NYK,WAS,38,"['Danilo Gallinari', 'Earl Barron', 'Henry Walker', 'Sergio Rodriguez']","['Al Thornton', 'Earl Boykins', 'JaVale McGee', 'James Singleton', 'Mike Miller']",David Lee,56.60853981971741,Toney Douglas,19.0,0.2524842619895935,False
2010,BOS,GSW,37,"['Marquis Daniels', 'Rajon Rondo', 'Rasheed Wallace', 'Shelden Williams']","['Anthony Morrow', 'Monta Ellis', 'Raja Bell', 'Stephen Curry', 'Vladimir Radmanovic']",Marquis Daniels,17.977891862392426,Eddie House,5.0,7.883615970611572,False
2011,OKC,NYK,9,"['Eric Maynor', 'Kevin Durant', 'Nick Collison', 'Serge Ibaka']","['Henry Walker', 'Ronny Turiaf', 'Shawne Williams', 'Toney Douglas', 'Wilson Chandler']",James Harden,77.86611914634705,James Harden,1.0,77.86611938476562,True
2011,ORL,PHO,40,"['Marcin Gortat', 'Mickael Pietrus', 'Rashard Lewis', 'Ryan Anderson']","['Earl Barron', 'Earl Clark', 'Hakim Warrick', 'Jared Dudley', 'Josh Childress']",Jameer Nelson,64.10797834396362,Chris Duhon,2.0,18.048309326171875,False
2011,POR,CHA,19,"['Andre Miller', 'LaMarcus Aldridge', 'Nicolas Batum', 'Wesley Matthews']","['Boris Diaw', 'D.J. Augustin', 'Dominic McGuire', 'Gerald Henderson', 'Kwame Brown']",Wesley Matthews,15.817353129386902,Marcus Camby,5.0,10.177882194519043,False
2011,MIN,PHI,34,"['Anthony Tolliver', 'Luke Ridnour', 'Nikola Pekovic', 'Wayne Ellington']","['Evan Turner', 'Jodie Meeks', 'Jrue Holiday', 'Spencer Hawes', 'Thaddeus Young']",Kevin Love,59.00053381919861,Lazar Hayward,27.0,0.0019408402731642127,False
2011,WAS,TOR,0,"['Al Thornton', 'Andray Blatche', 'JaVale McGee', 'Kirk Hinrich']","['Andrea Bargnani', 'DeMar DeRozan', 'Jarrett Jack', 'Reggie Evans', 'Sonny Weems']",John Wall,61.73344850540161,Gilbert Arenas,5.0,2.3241097927093506,False
2011,MIN,DET,43,"['Darko Milicic', 'Kevin Love', 'Luke Ridnour', 'Wesley Johnson']","['Charlie Villanueva', 'Jason Maxiell', 'Richard Hamilton', 'Rodney Stuckey', 'Tracy McGrady']",Jason Richardson,99.9985933303833,Corey Brewer,34.0,7.143554868021652e-28,False
2011,BOS,PHI,8,"['Kevin Garnett', 'Nate Robinson', 'Paul Pierce', 'Ray Allen']","['Andre Iguodala', 'Elton Brand', 'Jodie Meeks', 'Jrue Holiday', 'Tony Battie']",Kevin Garnett,35.38930118083954,Shaquille O'Neal,2.0,19.349714279174805,False
2011,BOS,DAL,8,"['Glen Davis', 'Kevin Garnett', 'Rajon Rondo', 'Ray Allen']","['DeShawn Stevenson', 'J.J. Barea', 'Jason Kidd', 'Shawn Marion', 'Tyson Chandler']",Paul Pierce,97.64072895050049,Paul Pierce,1.0,97.64073181152344,True
2011,WAS,ORL,18,"['Al Thornton', 'Kirk Hinrich', 'Trevor Booker', 'Yi Jianlian']","['Earl Clark', 'Gilbert Arenas', 'Jameer Nelson', 'Jason Richardson', 'Malik Allen']",John Wall,36.21840178966522,John Wall,1.0,36.21840286254883,True
2011,DEN,HOU,38,"['Anthony Carter', 'Gary Forbes', 'J.R. Smith', 'Ty Lawson']","['Courtney Lee', 'Ish Smith', 'Kevin Martin', 'Kyle Lowry', 'Luis Scola']",Nene Hilario,56.32738471031189,Chris Andersen,3.0,6.754510879516602,False
2011,DEN,POR,24,"['Arron Afflalo', 'Chauncey Billups', 'J.R. Smith', 'Nene Hilario']","['Andre Miller', 'Dante Cunningham', 'LaMarcus Aldridge', 'Nicolas Batum', 'Wesley Matthews']",Carmelo Anthony,44.231975078582764,Chris Andersen,4.0,4.879920482635498,False
2011,IND,NOH,14,"['Brandon Rush', 'James Posey', 'Solomon Jones', 'T.J. Ford']","['David Andersen', 'Jarrett Jack', 'Jason Smith', 'Marco Belinelli', 'Marcus Thornton']",Brandon Rush,30.314135551452637,Danny Granger,3.0,21.6053524017334,False
2011,SAS,LAL,45,"['DeJuan Blair', 'Manu Ginobili', 'Richard Jefferson', 'Tony Parker']","['Derek Fisher', 'Kobe Bryant', 'Lamar Odom', 'Metta World Peace', 'Pau Gasol']",Tim Duncan,81.52795433998108,Tim Duncan,1.0,81.5279541015625,True
2011,NYK,PHO,36,"['Henry Walker', 'Landry Fields', 'Raymond Felton', 'Wilson Chandler']","['Goran Dragic', 'Grant Hill', 'Jared Dudley', 'Marcin Gortat', 'Steve Nash']",Hedo Turkoglu,78.54654788970947,Shawne Williams,145.0,1.2950629609508046e-13,False
2011,DAL,LAC,37,"['Peja Stojakovic', 'Rodrigue Beaubois', 'Shawn Marion', 'Tyson Chandler']","['Blake Griffin', 'Craig Smith', 'Eric Gordon', 'Mo Williams', 'Randy Foye']",Jason Kidd,28.99198830127716,DeShawn Stevenson,11.0,1.4854286909103394,False
2011,MIA,CHI,13,"['Chris Bosh', 'James Jones', 'Mike Miller', 'Zydrunas Ilgauskas']","['C.J. Watson', 'Luol Deng', 'Omer Asik', 'Ronnie Brewer', 'Taj Gibson']",Dwyane Wade,24.515895545482635,Mike Bibby,12.0,0.7992455959320068,False
2011,OKC,BOS,44,"['James Harden', 'Kevin Durant', 'Nenad Krstic', 'Russell Westbrook']","['Glen Davis', 'Kevin Garnett', 'Paul Pierce', 'Rajon Rondo', 'Ray Allen']",Jeff Green,30.59900999069214,Serge Ibaka,8.0,4.134347438812256,False
2011,TOR,OKC,29,"['Amir Johnson', 'Andrea Bargnani', 'Jose Calderon', 'Sonny Weems']","['James Harden', 'Jeff Green', 'Nenad Krstic', 'Nick Collison', 'Russell Westbrook']",DeMar DeRozan,38.42722475528717,DeMar DeRozan,1.0,38.427223205566406,True
2011,PHI,CLE,19,"['Elton Brand', 'Evan Turner', 'Lou Williams', 'Thaddeus Young']","['Anderson Varejao', 'Anthony Parker', 'J.J. Hickson', 'Joey Graham', 'Mo Williams']",Andre Iguodala,46.21483385562897,Andres Nocioni,10.0,0.4796459376811981,False
2011,NYK,PHI,0,"[""Amar'e Stoudemire"", 'Landry Fields', 'Raymond Felton', 'Timofey Mozgov']","['Andre Iguodala', 'Elton Brand', 'Jodie Meeks', 'Jrue Holiday', 'Spencer Hawes']",Danilo Gallinari,33.19591581821442,Danilo Gallinari,1.0,33.19591522216797,True
2011,NYK,WAS,32,"[""Amar'e Stoudemire"", 'Raymond Felton', 'Ronny Turiaf', 'Wilson Chandler']","['Andray Blatche', 'John Wall', 'Kevin Seraphin', 'Nick Young', 'Rashard Lewis']",Danilo Gallinari,29.716992378234863,Toney Douglas,4.0,13.929203033447266,False
2011,ORL,ATL,34,"['Chris Duhon', 'Dwight Howard', 'J.J. Redick', 'Ryan Anderson']","['Al Horford', 'Jamal Crawford', 'Jason Collins', 'Josh Smith', 'Mike Bibby']",Hedo Turkoglu,63.69972825050354,Rashard Lewis,7.0,0.12559014558792114,False
2011,CHI,PHI,25,"['Carlos Boozer', 'Derrick Rose', 'Keith Bogans', 'Luol Deng']","['Andre Iguodala', 'Elton Brand', 'Jodie Meeks', 'Jrue Holiday', 'Spencer Hawes']",Kurt Thomas,67.75012612342834,Kurt Thomas,1.0,67.75012969970703,True
2011,OKC,IND,12,"['Cole Aldrich', 'Daequan Cook', 'Eric Maynor', 'James Harden']","['Dahntay Jones', 'Jeff Foster', 'Lance Stephenson', 'Paul George', 'Tyler Hansbrough']",Nick Collison,18.578775227069855,Serge Ibaka,2.0,12.627681732177734,False
2011,UTA,DAL,18,"['Al Jefferson', 'Andrei Kirilenko', 'Deron Williams', 'Paul Millsap']","['Caron Butler', 'J.J. Barea', 'Jason Kidd', 'Shawn Marion', 'Tyson Chandler']",Raja Bell,41.768115758895874,Earl Watson,6.0,3.6828079223632812,False
2011,MIL,GSW,18,"['John Salmons', 'Jon Brockman', 'Keyon Dooling', 'Luc Mbah a Moute']","['Brandan Wright', 'Reggie Williams', 'Rodney Carney', 'Stephen Curry', 'Vladimir Radmanovic']",John Salmons,14.399851858615875,Brandon Jennings,8.0,4.438408374786377,False
2011,TOR,CHA,9,"['Andrea Bargnani', 'DeMar DeRozan', 'James Johnson', 'Reggie Evans']","['Boris Diaw', 'D.J. Augustin', 'Gerald Henderson', 'Stephen Jackson', 'Tyrus Thomas']",Jose Calderon,73.71717691421509,Jerryd Bayless,2.0,13.71444034576416,False
2011,ORL,POR,9,"['Brandon Bass', 'Hedo Turkoglu', 'Jameer Nelson', 'Jason Richardson']","['Andre Miller', 'Brandon Roy', 'Gerald Wallace', 'LaMarcus Aldridge', 'Rudy Fernandez']",Dwight Howard,74.47198033332825,Earl Clark,5.0,0.1439673900604248,False
2011,GSW,DEN,23,"['Jeff Adrien', 'Monta Ellis', 'Rodney Carney', 'Stephen Curry']","['Al Harrington', 'Arron Afflalo', 'Carmelo Anthony', 'Chris Andersen', 'Ty Lawson']",Dorell Wright,27.625370025634766,Dorell Wright,1.0,27.625370025634766,True
2011,MEM,UTA,23,"['Greivis Vasquez', 'Marc Gasol', 'O.J. Mayo', 'Rudy Gay']","['Al Jefferson', 'Deron Williams', 'Gordon Hayward', 'Paul Millsap', 'Raja Bell']",Zach Randolph,59.91368293762207,Zach Randolph,1.0,59.91368103027344,True
2011,MEM,IND,21,"['Marc Gasol', 'Mike Conley', 'Tony Allen', 'Zach Randolph']","['Danny Granger', 'Darren Collison', 'Jeff Foster', 'Paul George', 'Tyler Hansbrough']",Rudy Gay,44.959574937820435,Sam Young,2.0,21.00453758239746,False
2011,LAL,HOU,21,"['Derek Fisher', 'Devin Ebanks', 'Lamar Odom', 'Pau Gasol']","['Aaron Brooks', 'Chase Budinger', 'Courtney Lee', 'Luis Scola', 'Patrick Patterson']",Kobe Bryant,37.38974928855896,Kobe Bryant,1.0,37.389747619628906,True
2011,OKC,HOU,43,"['James Harden', 'Jeff Green', 'Russell Westbrook', 'Thabo Sefolosha']","['Courtney Lee', 'Jordan Hill', 'Kevin Martin', 'Kyle Lowry', 'Shane Battier']",Kevin Durant,66.6583776473999,Kevin Durant,1.0,66.65837860107422,True
2011,MIN,MIA,10,"['Kevin Love', 'Luke Ridnour', 'Martell Webster', 'Wesley Johnson']","['James Jones', 'Juwan Howard', 'LeBron James', 'Mike Bibby', 'Zydrunas Ilgauskas']",Darko Milicic,25.43891668319702,Darko Milicic,1.0,25.43891716003418,True
2011,POR,NOH,30,"['Andre Miller', 'LaMarcus Aldridge', 'Nicolas Batum', 'Wesley Matthews']","['Chris Paul', 'David West', 'Jarrett Jack', 'Trevor Ariza', 'Willie Green']",Gerald Wallace,19.606587290763855,Dante Cunningham,4.0,12.43784236907959,False
2011,GSW,PHO,21,"['Andris Biedrins', 'David Lee', 'Dorell Wright', 'Monta Ellis']","['Channing Frye', 'Grant Hill', 'Robin Lopez', 'Steve Nash', 'Vince Carter']",Stephen Curry,41.19518995285034,Brandan Wright,27.0,0.01608256623148918,False
2011,CHI,BOS,46,"['Carlos Boozer', 'Derrick Rose', 'Kurt Thomas', 'Kyle Korver']","['Delonte West', 'Jeff Green', 'Nenad Krstic', 'Sasha Pavlovic', 'Troy Murphy']",Ronnie Brewer,71.65724635124207,Luol Deng,6.0,0.87613445520401,False
2011,NYK,MIL,5,"[""Amar'e Stoudemire"", 'Carmelo Anthony', 'Chauncey Billups', 'Shawne Williams']","['Andrew Bogut', 'Brandon Jennings', 'Carlos Delfino', 'John Salmons', 'Luc Mbah a Moute']",J.R. Smith,77.56943106651306,Landry Fields,5.0,0.3396117389202118,False
2011,PHO,WAS,47,"['Earl Clark', 'Garret Siler', 'Goran Dragic', 'Jared Dudley']","['Cartier Martin', 'Hilton Armstrong', 'John Wall', 'Nick Young', 'Trevor Booker']",Steve Nash,18.67586076259613,Josh Childress,4.0,10.994579315185547,False
2011,ORL,MIL,32,"['Dwight Howard', 'Jameer Nelson', 'Jason Richardson', 'Ryan Anderson']","['Andrew Bogut', 'Chris Douglas-Roberts', 'Keyon Dooling', 'Larry Sanders', 'Luc Mbah a Moute']",Hedo Turkoglu,99.90720748901367,J.J. Redick,4.0,0.0011769445845857263,False
2011,LAL,DEN,13,"['Andrew Bynum', 'Lamar Odom', 'Shannon Brown', 'Steve Blake']","['Al Harrington', 'Danilo Gallinari', 'J.R. Smith', 'Raymond Felton', 'Timofey Mozgov']",Kobe Bryant,14.325518906116486,Matt Barnes,9.0,3.3786535263061523,False
2011,MIL,LAC,14,"['Andrew Bogut', 'Carlos Delfino', 'John Salmons', 'Keyon Dooling']","['Al-Farouq Aminu', 'Blake Griffin', 'Brian Cook', 'Eric Bledsoe', 'Randy Foye']",Charlie Bell,41.20514094829559,Luc Mbah a Moute,2.0,36.880435943603516,False
2011,DEN,TOR,39,"['Al Harrington', 'Chris Andersen', 'Gary Forbes', 'Timofey Mozgov']","['Andrea Bargnani', 'Jerryd Bayless', 'Leandro Barbosa', 'Reggie Evans', 'Sonny Weems']",Raymond Felton,54.145777225494385,J.R. Smith,4.0,1.0742422342300415,False
2011,PHI,SAS,11,"['Darius Songaila', 'Jrue Holiday', 'Lou Williams', 'Thaddeus Young']","['DeJuan Blair', 'Gary Neal', 'George Hill', 'Matt Bonner', 'Richard Jefferson']",Lou Williams,8.28530341386795,Evan Turner,314.0,0.004807693418115377,False
2011,IND,SAC,36,"['Brandon Rush', 'Danny Granger', 'Jeff Foster', 'Josh McRoberts']","['Donte Greene', 'Jason Thompson', 'Marcus Thornton', 'Samuel Dalembert', 'Tyreke Evans']",T.J. Ford,53.87842059135437,A.J. Price,3.0,11.31775188446045,False
2011,TOR,PHI,11,"['Amir Johnson', 'Ed Davis', 'Jerryd Bayless', 'Julian Wright']","['Elton Brand', 'Evan Turner', 'Jrue Holiday', 'Lou Williams', 'Thaddeus Young']",DeMar DeRozan,21.0662379860878,Sonny Weems,3.0,13.421836853027344,False
2011,GSW,SAS,11,"['Andris Biedrins', 'Monta Ellis', 'Rodney Carney', 'Stephen Curry']","['Gary Neal', 'George Hill', 'Manu Ginobili', 'Matt Bonner', 'Tim Duncan']",Baron Davis,55.07340431213379,Dorell Wright,184.0,4.2670736388750186e-10,False
2011,CLE,CHA,15,"['Daniel Gibson', 'Joey Graham', 'Ramon Sessions', 'Ryan Hollins']","['D.J. Augustin', 'D.J. White', 'Dominic McGuire', 'Kwame Brown', 'Matt Carroll']",Antawn Jamison,24.942675232887268,Christian Eyenga,11.0,2.2845969200134277,False
2011,NYK,CHI,36,"['Raymond Felton', 'Ronny Turiaf', 'Shawne Williams', 'Toney Douglas']","['Carlos Boozer', 'Derrick Rose', 'Luol Deng', 'Ronnie Brewer', 'Taj Gibson']",Wilson Chandler,21.88323438167572,Wilson Chandler,1.0,21.88323402404785,True
2011,TOR,WAS,17,"['Andrea Bargnani', 'James Johnson', 'Jose Calderon', 'Reggie Evans']","['JaVale McGee', 'Jordan Crawford', 'Maurice Evans', 'Othyus Jeffers', 'Yi Jianlian']",DeMar DeRozan,43.58559846878052,DeMar DeRozan,1.0,43.58559799194336,True
2011,UTA,NOH,41,"['C.J. Miles', 'Deron Williams', 'Earl Watson', 'Francisco Elson']","['Chris Paul', 'David West', 'Emeka Okafor', 'Marcus Thornton', 'Willie Green']",Al Jefferson,34.62896645069122,Al Jefferson,1.0,34.62896728515625,True
2011,GSW,PHO,12,"['Andris Biedrins', 'David Lee', 'Reggie Williams', 'Rodney Carney']","['Earl Barron', 'Goran Dragic', 'Hakim Warrick', 'Hedo Turkoglu', 'Jason Richardson']",Stephen Curry,16.494105756282806,Monta Ellis,3.0,14.346504211425781,False
2011,DET,MIA,41,"['Greg Monroe', 'Rodney Stuckey', 'Tayshaun Prince', 'Tracy McGrady']","['Chris Bosh', 'Dwyane Wade', 'James Jones', 'LeBron James', 'Mike Miller']",Rodney Stuckey,99.58357810974121,Richard Hamilton,3.0,0.05754680559039116,False
2011,MIN,SAS,7,"['Corey Brewer', 'Darko Milicic', 'Kevin Love', 'Wesley Johnson']","['Antonio McDyess', 'Gary Neal', 'George Hill', 'Tiago Splitter', 'Tony Parker']",Corey Brewer,11.77343875169754,Luke Ridnour,9.0,3.221235513687134,False
2011,UTA,SAC,40,"['Al Jefferson', 'C.J. Miles', 'Francisco Elson', 'Ronnie Price']","['Beno Udrih', 'DeMarcus Cousins', 'Eugene Jeter', 'Francisco Garcia', 'Jason Thompson']",Earl Watson,16.38375222682953,Earl Watson,1.0,16.383752822875977,True
2011,MIN,CLE,6,"['Corey Brewer', 'Darko Milicic', 'Sebastian Telfair', 'Wesley Johnson']","['Anderson Varejao', 'Anthony Parker', 'Jawad Williams', 'Leon Powe', 'Mo Williams']",Darko Milicic,36.14580035209656,Kevin Love,3.0,12.966096878051758,False
2011,CHI,BOS,13,"['C.J. Watson', 'Kyle Korver', 'Luol Deng', 'Taj Gibson']","[""Jermaine O'Neal"", 'Luke Harangody', 'Marquis Daniels', 'Nate Robinson', 'Paul Pierce']",Taj Gibson,26.6014963388443,Omer Asik,4.0,8.707538604736328,False
2011,IND,CHI,35,"['A.J. Price', 'Jeff Foster', 'Paul George', 'Tyler Hansbrough']","['C.J. Watson', 'Luol Deng', 'Omer Asik', 'Ronnie Brewer', 'Taj Gibson']",Tyler Hansbrough,28.50114405155182,Dahntay Jones,5.0,7.950669288635254,False
2011,LAL,BOS,19,"['Andrew Bynum', 'Kobe Bryant', 'Metta World Peace', 'Pau Gasol']","['Glen Davis', 'Paul Pierce', 'Rajon Rondo', 'Ray Allen', ""Shaquille O'Neal""]",Derek Fisher,64.61613178253174,Derek Fisher,1.0,64.61613464355469,True
2011,OKC,GSW,19,"['Daequan Cook', 'Kendrick Perkins', 'Kevin Durant', 'Russell Westbrook']","['Al Thornton', 'David Lee', 'Ekpe Udoh', 'Reggie Williams', 'Stephen Curry']",James Harden,36.1880362033844,Serge Ibaka,2.0,22.27685546875,False
2011,DEN,PHO,19,"['Al Harrington', 'Arron Afflalo', 'J.R. Smith', 'Ty Lawson']","['Channing Frye', 'Hakim Warrick', 'Josh Childress', 'Steve Nash', 'Vince Carter']",Nene Hilario,18.51217746734619,Nene Hilario,1.0,18.512176513671875,True
2011,DET,MEM,0,"['Greg Monroe', 'Rodney Stuckey', 'Tayshaun Prince', 'Tracy McGrady']","['Marc Gasol', 'Mike Conley', 'Rudy Gay', 'Sam Young', 'Zach Randolph']",Ben Gordon,13.613438606262207,Chris Wilcox,13.0,3.5166516304016113,False
2011,ATL,MIL,37,"['Jamal Crawford', 'Jeff Teague', 'Jordan Crawford', 'Josh Powell']","['Corey Maggette', 'Earl Boykins', 'Ersan Ilyasova', 'Jon Brockman', 'Keyon Dooling']",Josh Smith,25.34101903438568,Zaza Pachulia,3.0,9.301177024841309,False
2011,NYK,POR,31,"['Landry Fields', 'Raymond Felton', 'Ronny Turiaf', 'Wilson Chandler']","['Brandon Roy', 'Fabricio Oberto', 'LaMarcus Aldridge', 'Nicolas Batum', 'Wesley Matthews']",Amar'e Stoudemire,14.504499733448029,Toney Douglas,5.0,7.183883190155029,False
2011,DAL,MIN,17,"['Dirk Nowitzki', 'J.J. Barea', 'Jason Terry', 'Peja Stojakovic']","['Anthony Randolph', 'Anthony Tolliver', 'Jonny Flynn', 'Martell Webster', 'Wayne Ellington']",Brendan Haywood,42.260223627090454,Ian Mahinmi,3.0,8.32264232635498,False
2011,IND,NJN,40,"['A.J. Price', 'Josh McRoberts', 'Mike Dunleavy', 'Solomon Jones']","['Ben Uzoh', 'Derrick Favors', 'Johan Petro', 'Quinton Ross', 'Stephen Graham']",Danny Granger,35.54663062095642,Danny Granger,1.0,35.546630859375,True
2011,WAS,BOS,44,"['John Wall', 'Jordan Crawford', 'Othyus Jeffers', 'Yi Jianlian']","['Carlos Arroyo', 'Glen Davis', 'Jeff Green', ""Jermaine O'Neal"", 'Von Wafer']",Andray Blatche,21.809011697769165,JaVale McGee,10.0,3.3852663040161133,False
2011,DEN,OKC,37,"['Al Harrington', 'Carmelo Anthony', 'J.R. Smith', 'Ty Lawson']","['Eric Maynor', 'James Harden', 'Jeff Green', 'Nick Collison', 'Serge Ibaka']",Al Harrington,20.677579939365387,Kenyon Martin,5.0,7.848255157470703,False
2011,POR,UTA,29,"['LaMarcus Aldridge', 'Marcus Camby', 'Nicolas Batum', 'Wesley Matthews']","['Al Jefferson', 'C.J. Miles', 'Deron Williams', 'Paul Millsap', 'Raja Bell']",Andre Miller,85.381418466568,Andre Miller,1.0,85.38141632080078,True
2011,ATL,DAL,34,"['Al Horford', 'Joe Johnson', 'Jordan Crawford', 'Maurice Evans']","['Brendan Haywood', 'DeShawn Stevenson', 'Jason Kidd', 'Jason Terry', 'Shawn Marion']",Damien Wilkins,82.38949179649353,Jamal Crawford,2.0,13.456720352172852,False
2011,DAL,PHO,0,"['Caron Butler', 'DeShawn Stevenson', 'Dirk Nowitzki', 'Tyson Chandler']","['Channing Frye', 'Grant Hill', 'Jason Richardson', 'Robin Lopez', 'Steve Nash']",Damien Wilkins,82.6883316040039,Jason Kidd,6.0,0.01760902814567089,False
2011,MEM,ATL,31,"['Mike Conley', 'O.J. Mayo', 'Rudy Gay', 'Sam Young']","['Al Horford', 'Jamal Crawford', 'Joe Johnson', 'Josh Powell', 'Marvin Williams']",Marc Gasol,48.27947020530701,Darrell Arthur,3.0,11.321553230285645,False
2011,UTA,GSW,14,"['C.J. Miles', 'Earl Watson', 'Jeremy Evans', 'Kyrylo Fesenko']","['Acie Law', 'Charlie Bell', 'Dan Gadzuric', 'Dorell Wright', 'Vladimir Radmanovic']",Gordon Hayward,48.598745465278625,Andrei Kirilenko,9.0,1.5148882865905762,False
2011,CLE,TOR,8,"['Anderson Varejao', 'Christian Eyenga', 'Daniel Gibson', 'Ramon Sessions']","['Amir Johnson', 'DeMar DeRozan', 'Ed Davis', 'Jose Calderon', 'Leandro Barbosa']",Dwight Howard,31.274136900901794,Antawn Jamison,8.0,0.6938767433166504,False
2011,SAS,NYK,17,"['DeJuan Blair', 'Gary Neal', 'Richard Jefferson', 'Tony Parker']","[""Amar'e Stoudemire"", 'Danilo Gallinari', 'Landry Fields', 'Raymond Felton', 'Wilson Chandler']",Manu Ginobili,32.24188685417175,Antonio McDyess,20.0,0.06508732587099075,False
2011,HOU,LAC,36,"['Chase Budinger', 'Kyle Lowry', 'Luis Scola', 'Patrick Patterson']","['Al-Farouq Aminu', 'DeAndre Jordan', 'Eric Bledsoe', 'Ike Diogu', 'Randy Foye']",Kyle Lowry,95.4349160194397,Aaron Brooks,11.0,5.959986992820632e-07,False
2011,OKC,GSW,18,"['Jeff Green', 'Kevin Durant', 'Royal Ivey', 'Serge Ibaka']","['Charlie Bell', 'David Lee', 'Dorell Wright', 'Jeremy Lin', 'Stephen Curry']",Russell Westbrook,98.3713150024414,Russell Westbrook,1.0,98.3713150024414,True
2011,HOU,ORL,6,"['Chase Budinger', 'Chuck Hayes', 'Kyle Lowry', 'Luis Scola']","['Brandon Bass', 'Dwight Howard', 'Hedo Turkoglu', 'Jameer Nelson', 'Jason Richardson']",Kevin Martin,24.91168975830078,Kevin Martin,1.0,24.91168975830078,True
2011,LAL,IND,23,"['Kobe Bryant', 'Lamar Odom', 'Metta World Peace', 'Pau Gasol']","['Brandon Rush', 'Danny Granger', 'Darren Collison', 'Josh McRoberts', 'Roy Hibbert']",Derek Fisher,68.45917105674744,Derek Fisher,1.0,68.45916748046875,True
2011,UTA,NYK,17,"['C.J. Miles', 'Deron Williams', 'Earl Watson', 'Mehmet Okur']","[""Amar'e Stoudemire"", 'Henry Walker', 'Landry Fields', 'Raymond Felton', 'Wilson Chandler']",Al Jefferson,47.49848544597626,Andrei Kirilenko,3.0,12.467007637023926,False
2011,IND,POR,26,"['Danny Granger', 'Darren Collison', 'Mike Dunleavy', 'Roy Hibbert']","['Andre Miller', 'Joel Przybilla', 'LaMarcus Aldridge', 'Nicolas Batum', 'Wesley Matthews']",James Posey,21.44320160150528,Josh McRoberts,3.0,20.42269515991211,False
2011,CLE,IND,9,"['Antawn Jamison', 'Jamario Moon', 'Leon Powe', 'Ramon Sessions']","['Brandon Rush', 'Josh McRoberts', 'Mike Dunleavy', 'Roy Hibbert', 'T.J. Ford']",Anthony Parker,25.05106031894684,Daniel Gibson,2.0,14.564047813415527,False
2011,CLE,IND,28,"['Antawn Jamison', 'Christian Eyenga', 'J.J. Hickson', 'Ramon Sessions']","['Danny Granger', 'Darren Collison', 'Mike Dunleavy', 'Roy Hibbert', 'Tyler Hansbrough']",Anthony Parker,25.344321131706238,Manny Harris,7.0,4.813596725463867,False
2011,MIA,PHI,11,"['James Jones', 'Joel Anthony', 'Juwan Howard', 'LeBron James']","['Andre Iguodala', 'Andres Nocioni', 'Elton Brand', 'Jrue Holiday', 'Marreese Speights']",Josh McRoberts,54.44560647010803,Eddie House,72.0,2.6133624487556517e-05,False
2011,MIN,WAS,20,"['Corey Brewer', 'Kevin Love', 'Luke Ridnour', 'Martell Webster']","['John Wall', 'Kirk Hinrich', 'Nick Young', 'Rashard Lewis', 'Yi Jianlian']",Darko Milicic,42.37225353717804,Darko Milicic,1.0,42.37225341796875,True
2011,TOR,MIL,25,"['Amir Johnson', 'Andrea Bargnani', 'DeMar DeRozan', 'Jose Calderon']","['Andrew Bogut', 'Chris Douglas-Roberts', 'Corey Maggette', 'Ersan Ilyasova', 'Keyon Dooling']",DeMar DeRozan,27.117758989334106,Sonny Weems,3.0,17.477294921875,False
2011,MEM,NJN,24,"['Hamed Haddadi', 'Rudy Gay', 'Tony Allen', 'Zach Randolph']","['Brook Lopez', 'Jordan Farmar', 'Sasha Vujacic', 'Stephen Graham', 'Troy Murphy']",Mike Conley,99.38204884529114,Mike Conley,1.0,99.38204956054688,True
2011,MEM,BOS,42,"['Greivis Vasquez', 'Marc Gasol', 'Rudy Gay', 'Zach Randolph']","['Kevin Garnett', 'Paul Pierce', 'Rajon Rondo', 'Ray Allen', ""Shaquille O'Neal""]",Mike Conley,50.70416331291199,Tony Allen,3.0,11.226040840148926,False
2011,OKC,CLE,7,"['Kevin Durant', 'Russell Westbrook', 'Serge Ibaka', 'Thabo Sefolosha']","['Anderson Varejao', 'Daniel Gibson', 'J.J. Hickson', 'Jawad Williams', 'Mo Williams']",Jeff Green,31.720346212387085,Jeff Green,1.0,31.720346450805664,True
2011,MIL,NOH,19,"['Andrew Bogut', 'Brandon Jennings', 'John Salmons', 'Luc Mbah a Moute']","['Chris Paul', 'David West', 'Jason Smith', 'Marco Belinelli', 'Willie Green']",John Salmons,25.947219133377075,Corey Maggette,5.0,5.906280994415283,False
2011,SAS,PHO,0,"['DeJuan Blair', 'Manu Ginobili', 'Tim Duncan', 'Tony Parker']","['Channing Frye', 'Grant Hill', 'Jared Dudley', 'Robin Lopez', 'Steve Nash']",Richard Jefferson,98.31727743148804,Richard Jefferson,1.0,98.31727600097656,True
2011,DEN,UTA,10,"['Carmelo Anthony', 'J.R. Smith', 'Melvin Ely', 'Ty Lawson']","['Al Jefferson', 'Deron Williams', 'Gordon Hayward', 'Paul Millsap', 'Raja Bell']",Al Harrington,34.94453728199005,Al Harrington,1.0,34.94453811645508,True
2011,DET,UTA,46,"['Austin Daye', 'Ben Gordon', 'Greg Monroe', 'Rodney Stuckey']","['Al Jefferson', 'Andrei Kirilenko', 'Devin Harris', 'Paul Millsap', 'Raja Bell']",Tracy McGrady,13.580289483070374,Will Bynum,9.0,4.623143196105957,False
2011,SAS,LAC,35,"['Antonio McDyess', 'George Hill', 'Tiago Splitter', 'Tony Parker']","['Al-Farouq Aminu', 'Blake Griffin', 'Rasual Butler', 'Ryan Gomes', 'Willie Warren']",Richard Jefferson,50.992351770401,Richard Jefferson,1.0,50.99235153198242,True
2011,HOU,NOH,11,"['Chuck Hayes', 'Jordan Hill', 'Kevin Martin', 'Kyle Lowry']","['Chris Paul', 'Didier Ilunga-Mbenga', 'Jason Smith', 'Marcus Thornton', 'Willie Green']",Chase Budinger,21.147270500659943,Chase Budinger,1.0,21.14727020263672,True
2011,OKC,MEM,39,"['James Harden', 'Jeff Green', 'Nick Collison', 'Serge Ibaka']","['Darrell Arthur', 'Greivis Vasquez', 'Marc Gasol', 'Sam Young', 'Xavier Henry']",Eric Maynor,68.27235221862793,Eric Maynor,1.0,68.27235412597656,True
2011,ATL,WAS,35,"['Jamal Crawford', 'Jordan Crawford', 'Josh Powell', 'Maurice Evans']","['Alonzo Gee', 'Hilton Armstrong', 'John Wall', 'Kevin Seraphin', 'Nick Young']",Dwight Howard,98.10117483139038,Zaza Pachulia,8.0,0.00931958295404911,False
2011,DEN,LAC,35,"['Al Harrington', 'Chauncey Billups', 'J.R. Smith', 'Melvin Ely']","['Craig Smith', 'DeAndre Jordan', 'Eric Gordon', 'Rasual Butler', 'Ryan Gomes']",Carmelo Anthony,33.24995934963226,Carmelo Anthony,1.0,33.24995803833008,True
2011,MEM,MIN,16,"['Darrell Arthur', 'Mike Conley', 'O.J. Mayo', 'Rudy Gay']","['Corey Brewer', 'Kevin Love', 'Michael Beasley', 'Sebastian Telfair', 'Wayne Ellington']",Zach Randolph,44.46597695350647,Tony Allen,12.0,0.26382893323898315,False
2011,OKC,DAL,9,"['James Harden', 'Kevin Durant', 'Nick Collison', 'Russell Westbrook']","['Caron Butler', 'Jason Kidd', 'Jason Terry', 'Shawn Marion', 'Tyson Chandler']",James Harden,18.35126131772995,Serge Ibaka,4.0,15.297646522521973,False
2012,PHI,DET,23,"['Andre Iguodala', 'Elton Brand', 'Jrue Holiday', 'Lou Williams']","['Brandon Knight', 'Greg Monroe', 'Jason Maxiell', 'Tayshaun Prince', 'Will Bynum']",Thaddeus Young,24.70175176858902,Thaddeus Young,1.0,24.701751708984375,True
2012,NYK,POR,18,"['Carmelo Anthony', 'Jeremy Lin', 'Landry Fields', 'Tyson Chandler']","['Gerald Wallace', 'Kurt Thomas', 'LaMarcus Aldridge', 'Luke Babbitt', 'Raymond Felton']",Tyson Chandler,45.10638117790222,Amar'e Stoudemire,2.0,19.121746063232422,False
2012,POR,OKC,37,"['Craig Smith', 'Kurt Thomas', 'Nicolas Batum', 'Wesley Matthews']","['Daequan Cook', 'James Harden', 'Nazr Mohammed', 'Nick Collison', 'Reggie Jackson']",Raymond Felton,17.939451336860657,Nolan Smith,6.0,6.583404541015625,False
2012,LAL,GSW,29,"['Kobe Bryant', 'Metta World Peace', 'Pau Gasol', 'Troy Murphy']","['Brandon Rush', 'Charles Jenkins', 'David Lee', 'Dorell Wright', 'Jeremy Tyler']",Steve Blake,19.42070722579956,Ramon Sessions,4.0,8.603839874267578,False
2012,DEN,MIA,32,"['Al Harrington', 'Danilo Gallinari', 'Timofey Mozgov', 'Ty Lawson']","['Chris Bosh', 'LeBron James', 'Mario Chalmers', 'Shane Battier', 'Udonis Haslem']",Arron Afflalo,64.44209218025208,Arron Afflalo,1.0,64.44209289550781,True
2012,PHO,LAL,42,"['Channing Frye', 'Grant Hill', 'Jared Dudley', 'Steve Nash']","['Jason Kapono', 'Kobe Bryant', 'Pau Gasol', 'Steve Blake', 'Troy Murphy']",Marcin Gortat,90.2830958366394,Marcin Gortat,1.0,90.28309631347656,True
2012,PHO,CLE,36,"['Channing Frye', 'Hakim Warrick', 'Michael Redd', 'Ronnie Price']","['Alonzo Gee', 'Antawn Jamison', 'Daniel Gibson', 'Ramon Sessions', 'Semih Erden']",Jared Dudley,10.94585806131363,Jared Dudley,1.0,10.945858001708984,True
2012,DEN,GSW,21,"['Arron Afflalo', 'Danilo Gallinari', 'Kenneth Faried', 'Ty Lawson']","['Charles Jenkins', 'David Lee', 'Dorell Wright', 'Klay Thompson', 'Mickell Gladness']",Arron Afflalo,96.78124189376831,Andre Miller,7.0,0.0016380030428990722,False
2012,DAL,POR,0,"['Brendan Haywood', 'Dirk Nowitzki', 'Jason Kidd', 'Shawn Marion']","['Gerald Wallace', 'LaMarcus Aldridge', 'Marcus Camby', 'Raymond Felton', 'Wesley Matthews']",Jason Terry,45.41081786155701,Vince Carter,10.0,1.6599096059799194,False
2012,MIA,PHO,0,"['Chris Bosh', 'Dwyane Wade', 'LeBron James', 'Mario Chalmers']","['Channing Frye', 'Grant Hill', 'Jared Dudley', 'Marcin Gortat', 'Steve Nash']",Darko Milicic,88.47184181213379,Dexter Pittman,743.0,0.0,False
2012,PHO,SAC,22,"['Channing Frye', 'Grant Hill', 'Jared Dudley', 'Steve Nash']","['DeMarcus Cousins', 'Donte Greene', 'John Salmons', 'Marcus Thornton', 'Tyreke Evans']",Marcin Gortat,99.47025179862976,Marcin Gortat,1.0,99.47025299072266,True
2012,MIL,POR,42,"['Beno Udrih', 'Ekpe Udoh', 'Larry Sanders', 'Mike Dunleavy']","['J.J. Hickson', 'LaMarcus Aldridge', 'Nicolas Batum', 'Raymond Felton', 'Wesley Matthews']",Brandon Jennings,67.24522709846497,Brandon Jennings,1.0,67.24522399902344,True
2012,ORL,IND,15,"['Chris Duhon', 'Glen Davis', 'J.J. Redick', 'Ryan Anderson']","['A.J. Price', 'Dahntay Jones', 'Lou Amundson', 'Paul George', 'Tyler Hansbrough']",Dwight Howard,33.17619860172272,Earl Clark,8.0,2.1281630992889404,False
2012,BOS,NYK,26,"['Kevin Garnett', 'Paul Pierce', 'Rajon Rondo', 'Ray Allen']","[""Amar'e Stoudemire"", 'Carmelo Anthony', 'Jeremy Lin', 'Landry Fields', 'Tyson Chandler']",Glen Davis,17.876969277858734,Brandon Bass,5.0,7.361344337463379,False
2012,TOR,WAS,4,"['DeMar DeRozan', 'Jamaal Magloire', 'James Johnson', 'Jose Calderon']","['JaVale McGee', 'Jan Vesely', 'John Wall', 'Nick Young', 'Rashard Lewis']",Amir Johnson,16.674190759658813,Jerryd Bayless,17.0,1.1696009635925293,False
2012,WAS,CHA,31,"['Chris Singleton', 'Jan Vesely', 'John Wall', 'Kevin Seraphin']","['Bismack Biyombo', 'Byron Mullens', 'D.J. Augustin', 'Derrick Brown', 'Gerald Henderson']",John Wall,35.54787635803223,Cartier Martin,5.0,5.689613342285156,False
2012,WAS,OKC,43,"['Jan Vesely', 'John Wall', 'Jordan Crawford', 'Nick Young']","['James Harden', 'Kendrick Perkins', 'Kevin Durant', 'Russell Westbrook', 'Serge Ibaka']",Trevor Booker,15.586583316326141,JaVale McGee,3.0,10.78194808959961,False
2012,NYK,BOS,12,"['Carmelo Anthony', 'Iman Shumpert', 'Jared Jeffries', 'Mike Bibby']","['Avery Bradley', 'Kevin Garnett', 'Marquis Daniels', 'Rajon Rondo', 'Sasha Pavlovic']",Tyson Chandler,33.731696009635925,J.R. Smith,4.0,5.250746726989746,False
2012,BOS,PHO,12,"['Brandon Bass', 'Kevin Garnett', 'Marquis Daniels', 'Mickael Pietrus']","['Channing Frye', 'Jared Dudley', 'Marcin Gortat', 'Shannon Brown', 'Steve Nash']",Courtney Lee,64.8423433303833,E'Twaun Moore,195.0,7.951448121576439e-20,False
2012,MIL,POR,18,"['Drew Gooden', 'Ersan Ilyasova', 'Mike Dunleavy', 'Monta Ellis']","['J.J. Hickson', 'Jamal Crawford', 'Luke Babbitt', 'Nicolas Batum', 'Nolan Smith']",Carlos Delfino,98.90901446342468,Brandon Jennings,2.0,0.7806585431098938,False
2012,MIA,TOR,32,"['Chris Bosh', 'Dwyane Wade', 'LeBron James', 'Mario Chalmers']","['DeMar DeRozan', 'Ed Davis', 'Gary Forbes', 'Jamaal Magloire', 'Jose Calderon']",Udonis Haslem,18.882451951503754,Joel Anthony,3.0,13.61424446105957,False
2012,CLE,IND,25,"['Antawn Jamison', 'Daniel Gibson', 'Kyrie Irving', 'Omri Casspi']","['Dahntay Jones', 'Darren Collison', 'David West', 'Paul George', 'Roy Hibbert']",Antawn Jamison,18.65573078393936,Semih Erden,10.0,3.1024558544158936,False
2012,WAS,NYK,21,"['Chris Singleton', 'John Wall', 'Nick Young', 'Trevor Booker']","['Iman Shumpert', 'Jeremy Lin', 'Landry Fields', 'Steve Novak', 'Tyson Chandler']",Kevin Seraphin,16.62192791700363,Jan Vesely,5.0,8.451433181762695,False
2012,CHI,DET,3,"['Carlos Boozer', 'Joakim Noah', 'Luol Deng', 'Ronnie Brewer']","['Ben Gordon', 'Brandon Knight', 'Greg Monroe', 'Jason Maxiell', 'Tayshaun Prince']",Derrick Rose,47.268036007881165,Derrick Rose,1.0,47.268035888671875,True
2012,MIA,ATL,0,"['Dwyane Wade', 'Joel Anthony', 'LeBron James', 'Mario Chalmers']","['Al Horford', 'Jeff Teague', 'Joe Johnson', 'Josh Smith', 'Marvin Williams']",Chris Bosh,24.889571964740753,Chris Bosh,1.0,24.889572143554688,True
2012,LAC,PHO,18,"['Caron Butler', 'DeAndre Jordan', 'Eric Bledsoe', 'Nick Young']","['Channing Frye', 'Michael Redd', 'Robin Lopez', 'Ronnie Price', 'Sebastian Telfair']",Blake Griffin,85.92379093170166,Kenyon Martin,3.0,3.4091944694519043,False
2012,SAS,UTA,35,"['Gary Neal', 'Kawhi Leonard', 'Manu Ginobili', 'Tiago Splitter']","['Al Jefferson', 'DeMarre Carroll', 'Derrick Favors', 'Devin Harris', 'Gordon Hayward']",Tim Duncan,40.935564041137695,Matt Bonner,3.0,12.715185165405273,False
2012,ATL,NYK,21,"['Joe Johnson', 'Josh Smith', 'Kirk Hinrich', 'Marvin Williams']","['Carmelo Anthony', 'Iman Shumpert', 'J.R. Smith', 'Landry Fields', 'Steve Novak']",Jason Collins,44.24867033958435,Jeff Teague,12.0,0.9332266449928284,False
2012,ATL,MIL,43,"['Ivan Johnson', 'Jannero Pargo', 'Tracy McGrady', 'Vladimir Radmanovic']","['Brandon Jennings', 'Carlos Delfino', 'Drew Gooden', 'Luc Mbah a Moute', 'Shaun Livingston']",Josh Smith,31.759735941886902,Jerry Stackhouse,6.0,4.973494529724121,False
2012,WAS,TOR,11,"['Andray Blatche', 'Nick Young', 'Rashard Lewis', 'Trevor Booker']","['Amir Johnson', 'Andrea Bargnani', 'Anthony Carter', 'James Johnson', 'Rasual Butler']",John Wall,99.97705817222595,Shelvin Mack,22.0,5.336706863090512e-07,False
2012,MIL,NJN,17,"['Beno Udrih', 'Brandon Jennings', 'Luc Mbah a Moute', 'Mike Dunleavy']","['Anthony Morrow', 'Armon Johnson', 'DeShawn Stevenson', 'Gerald Wallace', 'Johan Petro']",Ersan Ilyasova,52.80184745788574,Drew Gooden,2.0,36.56782913208008,False
2012,POR,DEN,24,"['Gerald Wallace', 'LaMarcus Aldridge', 'Marcus Camby', 'Wesley Matthews']","['Arron Afflalo', 'Danilo Gallinari', 'Nene Hilario', 'Timofey Mozgov', 'Ty Lawson']",Raymond Felton,90.07142186164856,Raymond Felton,1.0,90.07141876220703,True
2012,PHO,NOH,47,"['Channing Frye', 'Marcin Gortat', 'Shannon Brown', 'Steve Nash']","['Greivis Vasquez', 'Gustavo Ayon', 'Jarrett Jack', 'Jason Smith', 'Marco Belinelli']",Grant Hill,25.461149215698242,Jared Dudley,2.0,21.645421981811523,False
2012,MEM,NOH,20,"['Josh Davis', 'Marc Gasol', 'Mike Conley', 'Rudy Gay']","['Chris Kaman', 'DaJuan Summers', 'Emeka Okafor', 'Jarrett Jack', 'Marco Belinelli']",O.J. Mayo,72.18720316886902,Quincy Pondexter,5.0,0.7646183371543884,False
2012,PHI,DEN,25,"['Andre Iguodala', 'Elton Brand', 'Jodie Meeks', 'Jrue Holiday']","['Andre Miller', 'Arron Afflalo', 'Danilo Gallinari', 'Nene Hilario', 'Ty Lawson']",Andre Iguodala,24.36949759721756,Nikola Vucevic,8.0,2.6653881072998047,False
2012,LAC,SAC,17,"['Blake Griffin', 'Kenyon Martin', 'Nick Young', 'Randy Foye']","['Donte Greene', 'Hassan Whiteside', 'Jimmer Fredette', 'Terrence Williams', 'Travis Outlaw']",Randy Foye,73.17168116569519,Eric Bledsoe,7.0,0.4509519934654236,False
2012,TOR,DEN,45,"['Amir Johnson', 'DeMar DeRozan', 'Jose Calderon', 'Linas Kleiza']","['Al Harrington', 'Andre Miller', 'Arron Afflalo', 'Ty Lawson', 'Wilson Chandler']",Amir Johnson,28.44683527946472,Andrea Bargnani,2.0,19.702091217041016,False
2012,OKC,BOS,20,"['Kendrick Perkins', 'Kevin Durant', 'Royal Ivey', 'Russell Westbrook']","['Avery Bradley', 'Greg Stiemsma', 'Mickael Pietrus', 'Paul Pierce', 'Ray Allen']",Kevin Durant,44.325247406959534,James Harden,2.0,37.54161071777344,False
2012,TOR,GSW,25,"['Aaron Gray', 'Amir Johnson', 'DeMar DeRozan', 'Jose Calderon']","['David Lee', 'Dominic McGuire', 'Dorell Wright', 'Ekpe Udoh', 'Monta Ellis']",Ed Davis,18.709196150302887,James Johnson,5.0,8.745275497436523,False
2012,SAC,NYK,0,"['DeMarcus Cousins', 'John Salmons', 'Marcus Thornton', 'Tyreke Evans']","['Carmelo Anthony', 'Josh Harrellson', 'Landry Fields', 'Toney Douglas', 'Tyson Chandler']",Jason Thompson,39.36017155647278,Chuck Hayes,3.0,6.7630157470703125,False
2012,GSW,PHI,6,"['David Lee', 'Dorell Wright', 'Klay Thompson', 'Kwame Brown']","['Andre Iguodala', 'Elton Brand', 'Jodie Meeks', 'Jrue Holiday', 'Spencer Hawes']",Charles Jenkins,5.921417102217674,Ish Smith,21.0,1.2898987531661987,False
2012,IND,ORL,34,"['A.J. Price', 'Danny Granger', 'Lou Amundson', 'Tyler Hansbrough']","['Chris Duhon', 'Dwight Howard', 'Earl Clark', 'J.J. Redick', 'Quentin Richardson']",Danny Granger,28.015431761741638,Lance Stephenson,4.0,6.74502420425415,False
2012,TOR,DET,0,"['Aaron Gray', 'DeMar DeRozan', 'James Johnson', 'Jose Calderon']","['Brandon Knight', 'Greg Monroe', 'Jason Maxiell', 'Rodney Stuckey', 'Tayshaun Prince']",Amir Johnson,26.392507553100586,Amir Johnson,1.0,26.392507553100586,True
2012,NYK,WAS,37,"['J.R. Smith', 'Josh Harrellson', 'Landry Fields', 'Steve Novak']","['Cartier Martin', 'Chris Singleton', 'Jan Vesely', 'John Wall', 'Roger Mason']",Tyson Chandler,12.743380665779114,Mike Bibby,13.0,2.0892245769500732,False
2012,BOS,OKC,40,"['Brandon Bass', 'Mickael Pietrus', 'Rajon Rondo', 'Ray Allen']","['Daequan Cook', 'James Harden', 'Kevin Durant', 'Nick Collison', 'Russell Westbrook']",Paul Pierce,18.410931527614594,Paul Pierce,1.0,18.410930633544922,True
2012,CHI,MIL,6,"['Derrick Rose', 'Joakim Noah', 'Kyle Korver', 'Ronnie Brewer']","['Brandon Jennings', 'Carlos Delfino', 'Ersan Ilyasova', 'Larry Sanders', 'Shaun Livingston']",Carlos Boozer,90.44621586799622,Carlos Boozer,1.0,90.44621276855469,True
2012,CLE,NYK,20,"['Anderson Varejao', 'Antawn Jamison', 'Kyrie Irving', 'Omri Casspi']","['Carmelo Anthony', 'Iman Shumpert', 'Jared Jeffries', 'Landry Fields', 'Tyson Chandler']",Alonzo Gee,39.27517235279083,Anthony Parker,3.0,7.417120933532715,False
2012,TOR,BOS,37,"['Alan Anderson', 'Ben Uzoh', 'Ed Davis', 'Linas Kleiza']","['Avery Bradley', 'Greg Stiemsma', 'Kevin Garnett', 'Mickael Pietrus', 'Sasha Pavlovic']",Andrea Bargnani,8.805427700281143,Amir Johnson,3.0,7.217690944671631,False
2012,NYK,CHI,47,"[""Amar'e Stoudemire"", 'Carmelo Anthony', 'Iman Shumpert', 'Landry Fields']","['Carlos Boozer', 'Derrick Rose', 'Jimmy Butler', 'Joakim Noah', 'Kyle Korver']",Tyson Chandler,44.76509988307953,Tyson Chandler,1.0,44.765098571777344,True
2012,MIL,WAS,41,"['Andrew Bogut', 'Beno Udrih', 'Brandon Jennings', 'Carlos Delfino']","['Chris Singleton', 'JaVale McGee', 'John Wall', 'Jordan Crawford', 'Rashard Lewis']",Ersan Ilyasova,22.608184814453125,Jon Leuer,4.0,5.490895748138428,False
2012,MIA,BOS,43,"['Dwyane Wade', 'LeBron James', 'Norris Cole', 'Udonis Haslem']","['Brandon Bass', 'Kevin Garnett', 'Keyon Dooling', 'Rajon Rondo', 'Ray Allen']",Chris Bosh,34.78476107120514,Chris Bosh,1.0,34.784759521484375,True
2012,DET,PHI,25,"['Ben Wallace', 'Brandon Knight', 'Greg Monroe', 'Tayshaun Prince']","['Craig Brackins', 'Evan Turner', 'Jodie Meeks', 'Lavoy Allen', 'Spencer Hawes']",Rodney Stuckey,63.61888647079468,Rodney Stuckey,1.0,63.6188850402832,True
2012,CHI,NOH,0,"['Carlos Boozer', 'Derrick Rose', 'Luol Deng', 'Richard Hamilton']","['Chris Kaman', 'Greivis Vasquez', 'Gustavo Ayon', 'Marco Belinelli', 'Trevor Ariza']",Joakim Noah,54.01617884635925,Joakim Noah,1.0,54.016178131103516,True
2012,MIA,MIL,37,"['Chris Bosh', 'Mike Miller', 'Norris Cole', 'Udonis Haslem']","['Beno Udrih', 'Drew Gooden', 'Luc Mbah a Moute', 'Shaun Livingston', 'Stephen Jackson']",Chris Bosh,14.929886162281036,Shane Battier,2.0,14.753453254699707,False
2012,SAS,ATL,9,"['Kawhi Leonard', 'Richard Jefferson', 'Tiago Splitter', 'Tony Parker']","['Ivan Johnson', 'Jeff Teague', 'Joe Johnson', 'Josh Smith', 'Tracy McGrady']",Arron Afflalo,42.71382689476013,DeJuan Blair,31.0,2.0603711792244184e-10,False
2012,PHI,ORL,34,"['Andre Iguodala', 'Jodie Meeks', 'Lou Williams', 'Thaddeus Young']","['Chris Duhon', 'Dwight Howard', 'Glen Davis', 'J.J. Redick', 'Quentin Richardson']",Elton Brand,24.298691749572754,Lavoy Allen,10.0,3.4034230709075928,False
2012,HOU,DEN,23,"['Courtney Lee', 'Goran Dragic', 'Kevin Martin', 'Luis Scola']","['Andre Miller', 'Corey Brewer', 'Kenneth Faried', 'Kosta Koufos', 'Ty Lawson']",Marcus Camby,13.63871544599533,Patrick Patterson,5.0,7.321854114532471,False
2012,GSW,ORL,7,"['Brandon Rush', 'David Lee', 'Monta Ellis', 'Nate Robinson']","['Dwight Howard', 'Glen Davis', 'Hedo Turkoglu', 'Jameer Nelson', 'Jason Richardson']",Brandon Rush,14.11200612783432,Andris Biedrins,13.0,2.3282625675201416,False
2012,OKC,LAC,19,"['Kendrick Perkins', 'Kevin Durant', 'Russell Westbrook', 'Serge Ibaka']","['Blake Griffin', 'Chris Paul', 'DeAndre Jordan', 'Mo Williams', 'Randy Foye']",James Harden,51.83672308921814,James Harden,1.0,51.83672332763672,True
2012,MIN,MEM,19,"['Anthony Tolliver', 'J.J. Barea', 'Michael Beasley', 'Wayne Ellington']","['Marc Gasol', 'Marreese Speights', 'Mike Conley', 'Rudy Gay', 'Tony Allen']",Kevin Love,18.590718507766724,Nikola Pekovic,2.0,13.124678611755371,False
2012,UTA,DAL,34,"['C.J. Miles', 'Derrick Favors', 'Earl Watson', 'Raja Bell']","['Dirk Nowitzki', 'Ian Mahinmi', 'Jason Kidd', 'Jason Terry', 'Lamar Odom']",Al Jefferson,37.63774037361145,Paul Millsap,2.0,33.90363693237305,False
2012,LAC,UTA,37,"['Bobby Simmons', 'Eric Bledsoe', 'Kenyon Martin', 'Nick Young']","['Alec Burks', 'DeMarre Carroll', 'Derrick Favors', 'Earl Watson', 'Enes Kanter']",Kenyon Martin,34.90794003009796,Blake Griffin,2.0,19.050039291381836,False
2012,PHO,NJN,37,"['Markieff Morris', 'Michael Redd', 'Robin Lopez', 'Sebastian Telfair']","['DeShawn Stevenson', 'Deron Williams', 'Jordan Farmar', 'Kris Humphries', 'Mehmet Okur']",Steve Nash,29.104727506637573,Jared Dudley,3.0,12.020164489746094,False
2012,TOR,BOS,39,"['Aaron Gray', 'Alan Anderson', 'Ed Davis', 'Linas Kleiza']","['Avery Bradley', 'Brandon Bass', 'Kevin Garnett', 'Mickael Pietrus', 'Sasha Pavlovic']",Jose Calderon,67.8254783153534,Justin Dentmon,33.0,0.002428875770419836,False
2012,NYK,WAS,31,"['Carmelo Anthony', 'J.R. Smith', 'Landry Fields', 'Tyson Chandler']","['Chris Singleton', 'James Singleton', 'John Wall', 'Jordan Crawford', 'Kevin Seraphin']",Tyson Chandler,22.34330028295517,Baron Davis,13.0,1.7967561483383179,False
2012,IND,NJN,0,"['Danny Granger', 'Darren Collison', 'Paul George', 'Roy Hibbert']","['Anthony Morrow', 'Deron Williams', 'Kris Humphries', 'Shawne Williams', 'Shelden Williams']",Rodney Stuckey,28.160032629966736,David West,131.0,1.8145208741771057e-05,False
2012,NYK,CLE,40,"['Carmelo Anthony', 'Iman Shumpert', 'J.R. Smith', 'Tyson Chandler']","['Anthony Parker', 'Lester Hudson', 'Luke Walton', 'Omri Casspi', 'Samardo Samuels']",Landry Fields,13.969412446022034,Steve Novak,4.0,8.578062057495117,False
2012,NYK,CHA,39,"['Landry Fields', 'Renaldo Balkman', 'Toney Douglas', 'Tyson Chandler']","['Boris Diaw', 'Byron Mullens', 'Derrick Brown', 'Kemba Walker', 'Matt Carroll']",Carmelo Anthony,29.533711075782776,Carmelo Anthony,1.0,29.533710479736328,True
2012,DAL,LAL,13,"['Brandan Wright', 'Dirk Nowitzki', 'Jason Terry', 'Rodrigue Beaubois']","['Andrew Bynum', 'Josh McRoberts', 'Matt Barnes', 'Metta World Peace', 'Ramon Sessions']",Dirk Nowitzki,38.56092989444733,Lamar Odom,3.0,11.19489860534668,False
2012,NYK,NOH,13,"[""Amar'e Stoudemire"", 'Iman Shumpert', 'Jeremy Lin', 'Steve Novak']","['Al-Farouq Aminu', 'Jarrett Jack', 'Solomon Jones', 'Trevor Ariza', 'Xavier Henry']",Carmelo Anthony,10.090484470129013,Jared Jeffries,4.0,6.2357587814331055,False
2012,LAC,POR,12,"['Caron Butler', 'Mo Williams', 'Randy Foye', 'Ryan Gomes']","['Gerald Wallace', 'Jamal Crawford', 'Kurt Thomas', 'Nicolas Batum', 'Raymond Felton']",Blake Griffin,45.96468210220337,Brian Cook,8.0,1.8575124740600586,False
2012,TOR,NJN,34,"['Ed Davis', 'James Johnson', 'Jose Calderon', 'Leandro Barbosa']","['Deron Williams', 'Jordan Farmar', 'Kris Humphries', 'Shawne Williams', 'Shelden Williams']",Jose Calderon,16.22428447008133,Andrea Bargnani,6.0,6.840235710144043,False
2012,MIA,PHI,31,"['Chris Bosh', 'Mario Chalmers', 'Ronny Turiaf', 'Shane Battier']","['Andre Iguodala', 'Elton Brand', 'Evan Turner', 'Lou Williams', 'Thaddeus Young']",Dwyane Wade,15.265020728111267,LeBron James,2.0,10.441305160522461,False
2012,LAC,WAS,45,"['Blake Griffin', 'Chris Paul', 'DeAndre Jordan', 'Mo Williams']","['JaVale McGee', 'John Wall', 'Jordan Crawford', 'Nick Young', 'Trevor Booker']",Caron Butler,28.06873917579651,Randy Foye,3.0,12.490119934082031,False
2012,OKC,DET,5,"['James Harden', 'Kendrick Perkins', 'Kevin Durant', 'Russell Westbrook']","['Ben Wallace', 'Brandon Knight', 'Greg Monroe', 'Rodney Stuckey', 'Tayshaun Prince']",Nick Collison,33.37123394012451,Serge Ibaka,2.0,26.2823429107666,False
2012,TOR,IND,23,"['DeMar DeRozan', 'Gary Forbes', 'James Johnson', 'Jose Calderon']","['Danny Granger', 'Darren Collison', 'Paul George', 'Roy Hibbert', 'Tyler Hansbrough']",Amir Johnson,21.926864981651306,Andrea Bargnani,3.0,15.481521606445312,False
2012,TOR,NYK,13,"['Amir Johnson', 'Gary Forbes', 'Jose Calderon', 'Linas Kleiza']","['Baron Davis', 'Iman Shumpert', 'J.R. Smith', 'Josh Harrellson', 'Steve Novak']",Jose Calderon,57.47954845428467,Ed Davis,16.0,0.019954387098550797,False
2012,PHI,MIA,9,"['Andre Iguodala', 'Jodie Meeks', 'Lavoy Allen', 'Lou Williams']","['Joel Anthony', 'LeBron James', 'Mario Chalmers', 'Shane Battier', 'Udonis Haslem']",Jrue Holiday,28.62999439239502,Thaddeus Young,2.0,12.320399284362793,False
2012,ORL,TOR,39,"['Dwight Howard', 'Glen Davis', 'Hedo Turkoglu', 'J.J. Redick']","['Anthony Carter', 'DeMar DeRozan', 'Ed Davis', 'Jamaal Magloire', 'Leandro Barbosa']",Jason Richardson,95.07253170013428,Chris Duhon,17.0,7.149317894422288e-14,False
2012,MEM,POR,18,"['Dante Cunningham', 'Josh Selby', 'O.J. Mayo', 'Quincy Pondexter']","['Craig Smith', 'Hasheem Thabeet', 'Jamal Crawford', 'Nolan Smith', 'Wesley Matthews']",Marc Gasol,77.80293226242065,Hamed Haddadi,4.0,1.9705169200897217,False
2012,CHI,CHA,25,"['C.J. Watson', 'Carlos Boozer', 'Luol Deng', 'Omer Asik']","['Byron Mullens', 'D.J. Augustin', 'Gerald Henderson', 'Kemba Walker', 'Tyrus Thomas']",Ronnie Brewer,23.523183166980743,Richard Hamilton,9.0,1.8795242309570312,False
2012,ATL,CHI,0,"['Jeff Teague', 'Joe Johnson', 'Kirk Hinrich', 'Zaza Pachulia']","['C.J. Watson', 'Carlos Boozer', 'Joakim Noah', 'Luol Deng', 'Ronnie Brewer']",Josh Smith,81.82621002197266,Josh Smith,1.0,81.82621002197266,True
2012,SAC,HOU,23,"['DeMarcus Cousins', 'Isaiah Thomas', 'Jason Thompson', 'Terrence Williams']","['Chase Budinger', 'Courtney Lee', 'Goran Dragic', 'Luis Scola', 'Samuel Dalembert']",Rudy Gay,21.652725338935852,Tyreke Evans,3.0,15.126668930053711,False
2012,IND,NJN,35,"['Lance Stephenson', 'Lou Amundson', 'Paul George', 'Tyler Hansbrough']","['Anthony Morrow', 'Johan Petro', 'Jordan Farmar', 'Kris Humphries', 'Sundiata Gaines']",Danny Granger,46.263739466667175,Danny Granger,1.0,46.26374053955078,True
2012,GSW,MEM,24,"['Dorell Wright', 'Ekpe Udoh', 'Monta Ellis', 'Stephen Curry']","['Marc Gasol', 'Mike Conley', 'O.J. Mayo', 'Rudy Gay', 'Tony Allen']",David Lee,43.50581765174866,David Lee,1.0,43.50581741333008,True
2012,IND,NJN,25,"['Danny Granger', 'Darren Collison', 'David West', 'Roy Hibbert']","['DeShawn Stevenson', 'Deron Williams', 'Kris Humphries', 'MarShon Brooks', 'Shelden Williams']",Paul George,49.32018518447876,Paul George,1.0,49.320186614990234,True
2012,OKC,LAC,40,"['Derek Fisher', 'Kevin Durant', 'Nick Collison', 'Russell Westbrook']","['Blake Griffin', 'Eric Bledsoe', 'Kenyon Martin', 'Mo Williams', 'Randy Foye']",Thabo Sefolosha,89.58790302276611,James Harden,2.0,7.4671149253845215,False
2012,PHI,CHA,38,"['Evan Turner', 'Jodie Meeks', 'Jrue Holiday', 'Thaddeus Young']","['Cory Higgins', 'Derrick Brown', 'Eduardo Najera', 'Gerald Henderson', 'Matt Carroll']",Spencer Hawes,23.96802455186844,Lavoy Allen,4.0,10.783019065856934,False
2012,GSW,DAL,16,"['Dominic McGuire', 'Ekpe Udoh', 'Klay Thompson', 'Stephen Curry']","['Dirk Nowitzki', 'Ian Mahinmi', 'Rodrigue Beaubois', 'Shawn Marion', 'Vince Carter']",Brandon Rush,27.77259647846222,Brandon Rush,1.0,27.77259635925293,True
2012,IND,PHI,23,"['Danny Granger', 'David West', 'George Hill', 'Paul George']","['Andre Iguodala', 'Evan Turner', 'Jrue Holiday', 'Spencer Hawes', 'Thaddeus Young']",Roy Hibbert,37.611714005470276,Roy Hibbert,1.0,37.61171340942383,True
2012,CLE,NYK,31,"['Anderson Varejao', 'Antawn Jamison', 'Kyrie Irving', 'Omri Casspi']","[""Amar'e Stoudemire"", 'Carmelo Anthony', 'Landry Fields', 'Toney Douglas', 'Tyson Chandler']",Alonzo Gee,29.767796397209167,Anthony Parker,3.0,10.448525428771973,False
2012,MIA,TOR,16,"['Chris Bosh', 'Dwyane Wade', 'Mike Miller', 'Udonis Haslem']","['Amir Johnson', 'Ed Davis', 'Jerryd Bayless', 'Leandro Barbosa', 'Linas Kleiza']",Norris Cole,30.22235631942749,Norris Cole,1.0,30.22235679626465,True
2012,CLE,CHA,4,"['Anderson Varejao', 'Antawn Jamison', 'Anthony Parker', 'Omri Casspi']","['Byron Mullens', 'Corey Maggette', 'D.J. Augustin', 'D.J. White', 'Gerald Henderson']",Anthony Parker,24.420849978923798,Kyrie Irving,19.0,0.7572922706604004,False
2012,SAC,NYK,21,"['DeMarcus Cousins', 'Jason Thompson', 'John Salmons', 'Tyreke Evans']","['Carmelo Anthony', 'Henry Walker', 'Josh Harrellson', 'Landry Fields', 'Toney Douglas']",Jose Calderon,86.69230341911316,Marcus Thornton,339.0,1.8659269961409967e-38,False
2012,UTA,PHO,43,"['Al Jefferson', 'Derrick Favors', 'Gordon Hayward', 'Paul Millsap']","['Jared Dudley', 'Marcin Gortat', 'Markieff Morris', 'Shannon Brown', 'Steve Nash']",Raja Bell,93.57156157493591,Devin Harris,2.0,4.325714588165283,False
2012,GSW,NYK,28,"['Brandon Rush', 'David Lee', 'Dorell Wright', 'Monta Ellis']","[""Amar'e Stoudemire"", 'Carmelo Anthony', 'Landry Fields', 'Toney Douglas', 'Tyson Chandler']",Stephen Curry,30.685728788375854,Kwame Brown,17.0,0.23625898361206055,False
2012,OKC,BOS,44,"['Daequan Cook', 'Kevin Durant', 'Russell Westbrook', 'Serge Ibaka']","['Avery Bradley', 'Kevin Garnett', 'Mickael Pietrus', 'Paul Pierce', 'Ray Allen']",Daequan Cook,14.852957427501678,James Harden,3.0,11.281485557556152,False
2012,WAS,PHI,37,"['Cartier Martin', 'Jan Vesely', 'Kevin Seraphin', 'Roger Mason']","['Andre Iguodala', 'Jodie Meeks', 'Lou Williams', 'Thaddeus Young', 'Tony Battie']",John Wall,29.852482676506042,Shelvin Mack,2.0,21.75521469116211,False
2012,CHI,MEM,28,"['Carlos Boozer', 'Joakim Noah', 'Luol Deng', 'Ronnie Brewer']","['Jeremy Pargo', 'Josh Davis', 'Marc Gasol', 'Quincy Pondexter', 'Rudy Gay']",Derrick Rose,88.33531141281128,Derrick Rose,1.0,88.33531188964844,True
2012,OKC,LAC,11,"['Derek Fisher', 'James Harden', 'Kevin Durant', 'Nick Collison']","['Blake Griffin', 'Eric Bledsoe', 'Kenyon Martin', 'Mo Williams', 'Nick Young']",Thabo Sefolosha,41.381263732910156,Nazr Mohammed,98.0,8.268629869689903e-08,False
2013,GSW,LAL,31,"['Andrew Bogut', 'David Lee', 'Jarrett Jack', 'Stephen Curry']","['Antawn Jamison', 'Dwight Howard', 'Jodie Meeks', 'Kobe Bryant', 'Steve Nash']",Monta Ellis,97.64853715896606,Klay Thompson,32.0,3.869683041557437e-06,False
2013,DEN,LAL,40,"['Andre Miller', 'Kenneth Faried', 'Ty Lawson', 'Wilson Chandler']","['Antawn Jamison', 'Dwight Howard', 'Jodie Meeks', 'Kobe Bryant', 'Steve Blake']",Al Harrington,45.37145793437958,JaVale McGee,74.0,1.7487212744526914e-07,False
2013,HOU,GSW,42,"['Chandler Parsons', 'James Harden', 'Jeremy Lin', 'Marcus Morris']","['Andrew Bogut', 'Carl Landry', 'Jarrett Jack', 'Kent Bazemore', 'Richard Jefferson']",Omer Asik,24.360108375549316,Omer Asik,1.0,24.360107421875,True
2013,DAL,OKC,45,"['Brandan Wright', 'Dirk Nowitzki', 'Mike James', 'Vince Carter']","['Kendrick Perkins', 'Kevin Durant', 'Kevin Martin', 'Russell Westbrook', 'Serge Ibaka']",Vince Carter,28.207513689994812,O.J. Mayo,3.0,11.692455291748047,False
2013,LAC,CLE,34,"['Blake Griffin', 'Jamal Crawford', 'Matt Barnes', 'Ryan Hollins']","['Alonzo Gee', 'Anderson Varejao', 'Daniel Gibson', 'Kyrie Irving', 'Tyler Zeller']",Jamal Crawford,58.855098485946655,Eric Bledsoe,4.0,8.249327659606934,False
2013,NYK,GSW,47,"['Carmelo Anthony', 'Iman Shumpert', 'J.R. Smith', 'Raymond Felton']","['Draymond Green', 'Festus Ezeli', 'Jarrett Jack', 'Klay Thompson', 'Stephen Curry']",Tyson Chandler,40.23513197898865,Tyson Chandler,1.0,40.235130310058594,True
2013,MIA,POR,20,"['Chris Bosh', 'Dwyane Wade', 'Joel Anthony', 'Mario Chalmers']","['Damian Lillard', 'LaMarcus Aldridge', 'Luke Babbitt', 'Nicolas Batum', 'Wesley Matthews']",LeBron James,66.89512729644775,LeBron James,1.0,66.89512634277344,True
2013,OKC,TOR,43,"['Eric Maynor', 'Jeremy Lamb', 'Perry Jones', 'Reggie Jackson']","['Aaron Gray', 'DeMar DeRozan', 'Dominic McGuire', 'Ed Davis', 'Terrence Ross']",Russell Westbrook,83.32490921020508,Hasheem Thabeet,120.0,4.025921374051222e-09,False
2013,HOU,MEM,24,"['Francisco Garcia', 'Greg Smith', 'James Harden', 'Jeremy Lin']","['Marc Gasol', 'Mike Conley', 'Tayshaun Prince', 'Tony Allen', 'Zach Randolph']",Greg Smith,14.930462837219238,Omer Asik,2.0,14.796182632446289,False
2013,WAS,TOR,33,"['Bradley Beal', 'Emeka Okafor', 'Jan Vesely', 'John Wall']","['Amir Johnson', 'DeMar DeRozan', 'Jonas Valanciunas', 'Kyle Lowry', 'Landry Fields']",Martell Webster,36.89241409301758,Martell Webster,1.0,36.89241409301758,True
2013,MEM,DEN,20,"['Marc Gasol', 'Mike Conley', 'Rudy Gay', 'Tony Allen']","['Andre Iguodala', 'Danilo Gallinari', 'Kenneth Faried', 'Kosta Koufos', 'Ty Lawson']",Zach Randolph,43.211862444877625,Zach Randolph,1.0,43.21186065673828,True
2013,SAS,LAC,33,"['Boris Diaw', 'Gary Neal', 'Manu Ginobili', 'Tim Duncan']","['Blake Griffin', 'Chris Paul', 'DeAndre Jordan', 'Jamal Crawford', 'Matt Barnes']",Tony Parker,38.349318504333496,Tony Parker,1.0,38.34931945800781,True
2013,UTA,POR,9,"['Al Jefferson', 'Derrick Favors', 'Earl Watson', 'Randy Foye']","['Damian Lillard', 'Jared Jeffries', 'Meyers Leonard', 'Nicolas Batum', 'Wesley Matthews']",Gordon Hayward,39.371657371520996,Marvin Williams,2.0,13.865317344665527,False
2013,GSW,SAS,25,"['David Lee', 'Festus Ezeli', 'Harrison Barnes', 'Klay Thompson']","['Cory Joseph', 'Danny Green', 'DeJuan Blair', 'Matt Bonner', 'Tiago Splitter']",Stephen Curry,67.55227446556091,Stephen Curry,1.0,67.55227661132812,True
2013,UTA,OKC,20,"['Al Jefferson', 'DeMarre Carroll', 'Paul Millsap', 'Randy Foye']","['Kendrick Perkins', 'Kevin Durant', 'Kevin Martin', 'Russell Westbrook', 'Serge Ibaka']",Alec Burks,18.228575587272644,Earl Watson,5.0,7.808557033538818,False
2013,SAC,LAL,19,"['DeMarcus Cousins', 'John Salmons', 'Marcus Thornton', 'Tyreke Evans']","['Darius Morris', 'Dwight Howard', 'Kobe Bryant', 'Metta World Peace', 'Pau Gasol']",DeMarcus Cousins,16.968663036823273,Thomas Robinson,12.0,2.3692307472229004,False
2013,PHI,LAL,7,"['Dorell Wright', 'Evan Turner', 'Jason Richardson', 'Thaddeus Young']","['Chris Duhon', 'Dwight Howard', 'Jodie Meeks', 'Kobe Bryant', 'Metta World Peace']",Nick Young,4.344590753316879,Kwame Brown,22.0,1.1264511346817017,False
2013,BRK,ORL,37,"['Andray Blatche', 'Jerry Stackhouse', 'Joe Johnson', 'Reggie Evans']","['Arron Afflalo', ""E'Twaun Moore"", 'Glen Davis', 'Gustavo Ayon', 'Josh McRoberts']",Andray Blatche,21.13146334886551,C.J. Watson,12.0,1.6632115840911865,False
2013,SAS,DEN,26,"['Danny Green', 'DeJuan Blair', 'Tim Duncan', 'Tony Parker']","['Andre Iguodala', 'Danilo Gallinari', 'Kenneth Faried', 'Kosta Koufos', 'Ty Lawson']",Kawhi Leonard,36.40790283679962,Stephen Jackson,2.0,14.450250625610352,False
2013,MEM,PHO,34,"['Darrell Arthur', 'Marc Gasol', 'Mike Conley', 'Wayne Ellington']","['Goran Dragic', 'Jared Dudley', 'Luis Scola', 'Marcin Gortat', 'Michael Beasley']",Rudy Gay,41.361987590789795,Rudy Gay,1.0,41.36198806762695,True
2013,LAL,CHA,37,"['Darius Morris', 'Jodie Meeks', 'Kobe Bryant', 'Pau Gasol']","['Ben Gordon', 'Byron Mullens', 'Gerald Henderson', 'Kemba Walker', 'Michael Kidd-Gilchrist']",Pau Gasol,14.931336045265198,Metta World Peace,4.0,6.224710941314697,False
2013,ORL,CHA,32,"[""E'Twaun Moore"", 'J.J. Redick', 'Jameer Nelson', 'Nikola Vucevic']","['Brendan Haywood', 'Hakim Warrick', 'Kemba Walker', 'Michael Kidd-Gilchrist', 'Ramon Sessions']",Arron Afflalo,46.15475237369537,Andrew Nicholson,2.0,12.83757495880127,False
2013,DEN,SAS,11,"['Andre Iguodala', 'Anthony Randolph', 'Corey Brewer', 'JaVale McGee']","['Cory Joseph', 'DeJuan Blair', 'Gary Neal', 'Matt Bonner', 'Patty Mills']",Ty Lawson,19.846506416797638,Evan Fournier,2.0,13.303275108337402,False
2013,ATL,BRK,17,"['Al Horford', 'Jeff Teague', 'Kyle Korver', 'Lou Williams']","['Andray Blatche', 'C.J. Watson', 'Jerry Stackhouse', 'Joe Johnson', 'Mirza Teletovic']",Josh Smith,34.82256531715393,Zaza Pachulia,3.0,10.090742111206055,False
2013,OKC,DET,14,"['Eric Maynor', 'Nick Collison', 'Perry Jones', 'Reggie Jackson']","['Andre Drummond', 'Jonas Jerebko', 'Kyle Singler', 'Rodney Stuckey', 'Will Bynum']",Kevin Martin,48.24674725532532,Kevin Martin,1.0,48.24674606323242,True
2013,PHO,SAC,47,"['Jared Dudley', 'Luis Scola', 'Marcin Gortat', 'Shannon Brown']","['Aaron Brooks', 'DeMarcus Cousins', 'James Johnson', 'Jason Thompson', 'Jimmer Fredette']",Goran Dragic,74.42404627799988,Goran Dragic,1.0,74.4240493774414,True
2013,OKC,MEM,47,"['DeAndre Liggins', 'Hasheem Thabeet', 'Kevin Martin', 'Perry Jones']","['Chris Johnson', 'Darrell Arthur', 'Jerryd Bayless', 'Jon Leuer', 'Tony Wroten']",Russell Westbrook,92.43860840797424,Eric Maynor,8.0,0.2161693274974823,False
2013,PHO,MEM,44,"['Luis Scola', 'Marcin Gortat', 'P.J. Tucker', 'Shannon Brown']","['Jerryd Bayless', 'Marc Gasol', 'Mike Conley', 'Rudy Gay', 'Zach Randolph']",Goran Dragic,78.21674346923828,Goran Dragic,1.0,78.21674346923828,True
2013,DAL,NOH,10,"['Dahntay Jones', 'Elton Brand', 'Rodrigue Beaubois', 'Vince Carter']","['Austin Rivers', 'Brian Roberts', 'Jason Smith', 'Lance Thomas', 'Ryan Anderson']",Vince Carter,34.597501158714294,Dirk Nowitzki,3.0,19.260032653808594,False
2013,CLE,WAS,27,"['Alonzo Gee', 'Anderson Varejao', 'Dion Waiters', 'Tristan Thompson']","['A.J. Price', 'Bradley Beal', 'Emeka Okafor', 'Jan Vesely', 'Trevor Ariza']",Shaun Livingston,14.505723118782043,Kyrie Irving,2.0,10.471818923950195,False
2013,MIL,GSW,25,"['Ersan Ilyasova', 'Larry Sanders', 'Luc Mbah a Moute', 'Monta Ellis']","['David Lee', 'Festus Ezeli', 'Harrison Barnes', 'Klay Thompson', 'Stephen Curry']",Brandon Jennings,86.31463050842285,Brandon Jennings,1.0,86.31462860107422,True
2013,BOS,ORL,11,"['Courtney Lee', 'Jason Collins', 'Jason Terry', 'Leandro Barbosa']","['Andrew Nicholson', 'DeQuan Jones', ""E'Twaun Moore"", 'Ish Smith', 'Josh McRoberts']",Kevin Garnett,28.204259276390076,Jeff Green,4.0,10.696123123168945,False
2013,BOS,HOU,41,"['Avery Bradley', 'Kevin Garnett', 'Paul Pierce', 'Rajon Rondo']","['Carlos Delfino', 'Chandler Parsons', 'Greg Smith', 'James Harden', 'Toney Douglas']",Jason Richardson,99.83940720558167,Brandon Bass,34.0,9.757158003769437e-23,False
2013,DAL,BRK,25,"['Chris Kaman', 'Dirk Nowitzki', 'Jae Crowder', 'Mike James']","['Brook Lopez', 'Deron Williams', 'Gerald Wallace', 'Joe Johnson', 'Reggie Evans']",Darren Collison,47.14911878108978,O.J. Mayo,2.0,21.550731658935547,False
2013,MEM,CHA,21,"['Marc Gasol', 'Mike Conley', 'Tayshaun Prince', 'Tony Allen']","['Bismack Biyombo', 'Gerald Henderson', 'Josh McRoberts', 'Kemba Walker', 'Michael Kidd-Gilchrist']",Darrell Arthur,39.77932333946228,Zach Randolph,6.0,4.484498023986816,False
2013,DEN,OKC,10,"['Andre Iguodala', 'Andre Miller', 'Corey Brewer', 'JaVale McGee']","['Kevin Martin', 'Nick Collison', 'Reggie Jackson', 'Russell Westbrook', 'Thabo Sefolosha']",Wilson Chandler,20.355094969272614,Wilson Chandler,1.0,20.35509490966797,True
2013,DET,ATL,0,"['Greg Monroe', 'Jason Maxiell', 'Jose Calderon', 'Kyle Singler']","['Al Horford', 'DeShawn Stevenson', 'Jeff Teague', 'Josh Smith', 'Kyle Korver']",Tayshaun Prince,83.60252380371094,Rodney Stuckey,2.0,8.932527542114258,False
2013,MIA,LAC,25,"['Dwyane Wade', 'LeBron James', 'Shane Battier', 'Udonis Haslem']","['Blake Griffin', 'Caron Butler', 'Chauncey Billups', 'Chris Paul', 'DeAndre Jordan']",Mario Chalmers,37.42741346359253,Mario Chalmers,1.0,37.42741394042969,True
2013,ORL,BOS,22,"['Arron Afflalo', ""E'Twaun Moore"", 'Glen Davis', 'J.J. Redick']","['Brandon Bass', 'Chris Wilcox', 'Jason Terry', 'Paul Pierce', 'Rajon Rondo']",Dwight Howard,77.38522291183472,Gustavo Ayon,6.0,0.6750022768974304,False
2013,SAS,DEN,42,"['Danny Green', 'Kawhi Leonard', 'Tiago Splitter', 'Tim Duncan']","['Andre Iguodala', 'Andre Miller', 'Corey Brewer', 'JaVale McGee', 'Kenneth Faried']",Tony Parker,44.385865330696106,Tony Parker,1.0,44.3858642578125,True
2013,WAS,ATL,33,"['Bradley Beal', 'Emeka Okafor', 'John Wall', 'Martell Webster']","['Devin Harris', 'Ivan Johnson', 'Josh Smith', 'Lou Williams', 'Zaza Pachulia']",Nene Hilario,27.091622352600098,Kevin Seraphin,4.0,9.91810417175293,False
2013,BOS,PHO,35,"['Courtney Lee', 'Jason Collins', 'Jason Terry', 'Jeff Green']","['Goran Dragic', 'Luis Scola', 'Marcin Gortat', 'P.J. Tucker', 'Shannon Brown']",Kevin Garnett,40.751659870147705,Jared Sullinger,6.0,6.040791988372803,False
2013,ATL,BRK,47,"['Al Horford', 'Devin Harris', 'Jeff Teague', 'Zaza Pachulia']","['Andray Blatche', 'Brook Lopez', 'C.J. Watson', 'Deron Williams', 'Joe Johnson']",Kyle Korver,22.422125935554504,Kyle Korver,1.0,22.42212677001953,True
2013,CHI,BRK,45,"['Carlos Boozer', 'Joakim Noah', 'Luol Deng', 'Marquis Teague']","['Andray Blatche', 'Deron Williams', 'Gerald Wallace', 'Joe Johnson', 'Reggie Evans']",Jimmy Butler,35.14677882194519,Marco Belinelli,2.0,27.898635864257812,False
2013,PHI,NOH,25,"['Evan Turner', 'Jason Richardson', 'Jrue Holiday', 'Thaddeus Young']","['Al-Farouq Aminu', 'Anthony Davis', 'Eric Gordon', 'Roger Mason', 'Ryan Anderson']",Spencer Hawes,41.63651466369629,Lavoy Allen,3.0,19.85369110107422,False
2013,DEN,DET,10,"['Andre Iguodala', 'Andre Miller', 'Corey Brewer', 'Kosta Koufos']","['Brandon Knight', 'Greg Monroe', 'Jonas Jerebko', 'Kyle Singler', 'Rodney Stuckey']",Kenneth Faried,23.050697147846222,Wilson Chandler,3.0,14.035709381103516,False
2013,BOS,DAL,0,"['Brandon Bass', 'Jason Terry', 'Kevin Garnett', 'Paul Pierce']","['Chris Kaman', 'Dahntay Jones', 'Derek Fisher', 'O.J. Mayo', 'Shawn Marion']",Paul Pierce,58.38216543197632,Rajon Rondo,2.0,30.35165023803711,False
2013,POR,LAC,15,"['LaMarcus Aldridge', 'Meyers Leonard', 'Nicolas Batum', 'Ronnie Price']","['Grant Hill', 'Jamal Crawford', 'Lamar Odom', 'Matt Barnes', 'Ronny Turiaf']",Damian Lillard,17.19757467508316,Will Barton,4.0,9.127060890197754,False
2013,BOS,WAS,19,"['Avery Bradley', 'Brandon Bass', 'Chris Wilcox', 'Paul Pierce']","['Garrett Temple', 'John Wall', 'Kevin Seraphin', 'Nene Hilario', 'Trevor Ariza']",Paul Pierce,38.06757926940918,Jeff Green,2.0,26.78256607055664,False
2013,PHO,DAL,8,"['Goran Dragic', 'Marcin Gortat', 'Michael Beasley', 'P.J. Tucker']","['Darren Collison', 'Elton Brand', 'O.J. Mayo', 'Shawn Marion', 'Vince Carter']",Jared Dudley,31.137093901634216,Jared Dudley,1.0,31.137094497680664,True
2013,SAC,MIA,41,"['Isaiah Thomas', 'James Johnson', 'Jason Thompson', 'Tyreke Evans']","['Joel Anthony', 'Mike Miller', 'Norris Cole', 'Rashard Lewis', 'Ray Allen']",DeMarcus Cousins,7.086131721735001,Chuck Hayes,10.0,2.5762012004852295,False
2013,UTA,DEN,10,"['Derrick Favors', 'Gordon Hayward', 'Marvin Williams', 'Mo Williams']","['Andre Iguodala', 'Andre Miller', 'Corey Brewer', 'Kenneth Faried', 'Kosta Koufos']",Al Jefferson,36.52846813201904,Al Jefferson,1.0,36.52846908569336,True
2013,POR,LAL,35,"['Damian Lillard', 'Meyers Leonard', 'Nicolas Batum', 'Sasha Pavlovic']","['Antawn Jamison', 'Chris Duhon', 'Dwight Howard', 'Jodie Meeks', 'Jordan Hill']",Meyers Leonard,14.934346079826355,LaMarcus Aldridge,4.0,11.140192031860352,False
2013,MIA,DET,25,"['Chris Bosh', 'Dwyane Wade', 'LeBron James', 'Mario Chalmers']","['Greg Monroe', 'Jason Maxiell', 'Jose Calderon', 'Kyle Singler', 'Rodney Stuckey']",Shane Battier,27.75522470474243,Udonis Haslem,2.0,17.29924774169922,False
2013,MIN,POR,42,"['Alexey Shved', 'Dante Cunningham', 'Nikola Pekovic', 'Ricky Rubio']","['Damian Lillard', 'J.J. Hickson', 'Luke Babbitt', 'Nicolas Batum', 'Wesley Matthews']",J.J. Barea,26.48080289363861,J.J. Barea,1.0,26.480802536010742,True
2013,SAS,IND,34,"['DeJuan Blair', 'Manu Ginobili', 'Matt Bonner', 'Tony Parker']","['George Hill', 'Gerald Green', 'Ian Mahinmi', 'Paul George', 'Tyler Hansbrough']",Stephen Jackson,32.991933822631836,Stephen Jackson,1.0,32.99193572998047,True
2013,PHI,BRK,33,"['Damien Wilkins', 'Evan Turner', 'Jrue Holiday', 'Lavoy Allen']","['Brook Lopez', 'Deron Williams', 'Gerald Wallace', 'Keith Bogans', 'Reggie Evans']",Thaddeus Young,21.347852051258087,Spencer Hawes,2.0,11.16055679321289,False
2013,TOR,ORL,16,"['Amir Johnson', 'DeMar DeRozan', 'John Lucas III', 'Terrence Ross']","['Arron Afflalo', 'J.J. Redick', 'Jameer Nelson', 'Josh McRoberts', 'Nikola Vucevic']",Amir Johnson,24.412822723388672,Linas Kleiza,16.0,1.3830957412719727,False
2013,NYK,UTA,34,"['J.R. Smith', 'Jason Kidd', 'Marcus Camby', 'Pablo Prigioni']","['Alec Burks', 'Enes Kanter', 'Gordon Hayward', 'Jamaal Tinsley', 'Marvin Williams']",Carmelo Anthony,15.547581017017365,Steve Novak,4.0,6.794266223907471,False
2013,DET,CLE,0,"['Brandon Knight', 'Greg Monroe', 'Kyle Singler', 'Rodney Stuckey']","['Alonzo Gee', 'Dion Waiters', 'Kyrie Irving', 'Tristan Thompson', 'Tyler Zeller']",Greg Monroe,25.42462944984436,Jason Maxiell,2.0,15.465310096740723,False
2013,NYK,PHO,12,"['J.R. Smith', 'Kurt Thomas', 'Rasheed Wallace', 'Steve Novak']","['Jared Dudley', 'Luis Scola', 'Marcin Gortat', 'P.J. Tucker', 'Sebastian Telfair']",Raymond Felton,50.90740919113159,Raymond Felton,1.0,50.90740966796875,True
2013,OKC,SAS,7,"['Eric Maynor', 'Kendrick Perkins', 'Kevin Durant', 'Serge Ibaka']","['Boris Diaw', 'Gary Neal', 'Stephen Jackson', 'Tim Duncan', 'Tony Parker']",Thabo Sefolosha,49.999743700027466,Kevin Martin,3.0,14.378108024597168,False
2013,WAS,DEN,0,"['Bradley Beal', 'Emeka Okafor', 'Martell Webster', 'Nene Hilario']","['Andre Iguodala', 'Danilo Gallinari', 'Kenneth Faried', 'Kosta Koufos', 'Ty Lawson']",John Wall,77.09051966667175,John Wall,1.0,77.09052276611328,True
2013,NYK,BRK,19,"['J.R. Smith', 'Jason Kidd', 'Raymond Felton', 'Tyson Chandler']","['Brook Lopez', 'Deron Williams', 'Gerald Wallace', 'Joe Johnson', 'Keith Bogans']",Carmelo Anthony,82.5425922870636,Carmelo Anthony,1.0,82.54259490966797,True
2013,NYK,ORL,21,"['Carmelo Anthony', 'Iman Shumpert', 'Kenyon Martin', 'Pablo Prigioni']","['Arron Afflalo', 'Beno Udrih', ""Kyle O'Quinn"", 'Maurice Harkless', 'Tobias Harris']",Raymond Felton,18.197304010391235,Raymond Felton,1.0,18.197303771972656,True
2013,GSW,MEM,12,"['Andris Biedrins', 'Carl Landry', 'Jarrett Jack', 'Richard Jefferson']","['Marc Gasol', 'Marreese Speights', 'Mike Conley', 'Quincy Pondexter', 'Wayne Ellington']",Harrison Barnes,10.089841485023499,Stephen Curry,9.0,4.653543472290039,False
2013,MIL,GSW,10,"['Beno Udrih', 'Larry Sanders', 'Luc Mbah a Moute', 'Monta Ellis']","['Andris Biedrins', 'Carl Landry', 'Draymond Green', 'Jarrett Jack', 'Richard Jefferson']",Ersan Ilyasova,14.088962972164154,Ekpe Udoh,2.0,9.500123977661133,False
2013,DAL,HOU,46,"['Mike James', 'O.J. Mayo', 'Shawn Marion', 'Vince Carter']","['Carlos Delfino', 'Chandler Parsons', 'James Harden', 'Patrick Beverley', 'Thomas Robinson']",Darren Collison,17.99042820930481,Dirk Nowitzki,7.0,5.067027568817139,False
2013,SAC,NYK,16,"['Aaron Brooks', 'DeMarcus Cousins', 'Francisco Garcia', 'Jimmer Fredette']","['Chris Copeland', 'J.R. Smith', 'Marcus Camby', 'Pablo Prigioni', 'Steve Novak']",Derrick Williams,50.1756489276886,James Johnson,9.0,0.34557217359542847,False
2013,UTA,DET,19,"['Enes Kanter', 'Gordon Hayward', 'Jeremy Evans', 'Marvin Williams']","['Charlie Villanueva', 'Greg Monroe', 'Kyle Singler', 'Rodney Stuckey', 'Will Bynum']",Alec Burks,23.409980535507202,Alec Burks,1.0,23.40998077392578,True
2013,DAL,MIN,19,"['Chris Kaman', 'Darren Collison', 'Elton Brand', 'Vince Carter']","['Alexey Shved', 'Andrei Kirilenko', 'Lou Amundson', 'Luke Ridnour', 'Nikola Pekovic']",Shawn Marion,55.98616600036621,O.J. Mayo,12.0,1.115197777748108,False
2013,GSW,MEM,25,"['David Lee', 'Festus Ezeli', 'Harrison Barnes', 'Klay Thompson']","['Marc Gasol', 'Mike Conley', 'Rudy Gay', 'Tony Allen', 'Zach Randolph']",Stephen Curry,50.92419385910034,Stephen Curry,1.0,50.9241943359375,True
2013,MIA,MIN,0,"['Dwyane Wade', 'LeBron James', 'Mario Chalmers', 'Udonis Haslem']","['Alexey Shved', 'Andrei Kirilenko', 'Kevin Love', 'Luke Ridnour', 'Nikola Pekovic']",Chris Bosh,22.948968410491943,Chris Bosh,1.0,22.9489688873291,True
2013,ORL,WAS,24,"['DeQuan Jones', 'Doron Lamb', ""E'Twaun Moore"", 'Maurice Harkless']","['Emeka Okafor', 'Garrett Temple', 'John Wall', 'Martell Webster', 'Trevor Ariza']",Dwight Howard,24.389663338661194,Tobias Harris,24.0,0.31563320755958557,False
2013,UTA,MIN,35,"['Al Jefferson', 'Alec Burks', 'Marvin Williams', 'Randy Foye']","['Alexey Shved', 'Andrei Kirilenko', 'Dante Cunningham', 'Greg Stiemsma', 'J.J. Barea']",Paul Millsap,99.88454580307007,Derrick Favors,15.0,2.0176649240255529e-10,False
2013,LAL,DEN,34,"['Antawn Jamison', 'Chris Duhon', 'Kobe Bryant', 'Metta World Peace']","['Andre Iguodala', 'Andre Miller', 'Corey Brewer', 'Jordan Hamilton', 'Timofey Mozgov']",Pau Gasol,37.40985989570618,Dwight Howard,15.0,0.011366836726665497,False
2013,CHI,CLE,0,"['Carlos Boozer', 'Joakim Noah', 'Kirk Hinrich', 'Luol Deng']","['Alonzo Gee', 'Dion Waiters', 'Shaun Livingston', 'Tristan Thompson', 'Tyler Zeller']",Taj Gibson,19.831839203834534,Richard Hamilton,6.0,9.995291709899902,False
2013,DEN,ORL,43,"['Andre Iguodala', 'Danilo Gallinari', 'Kenneth Faried', 'Ty Lawson']","['Arron Afflalo', 'J.J. Redick', 'Jameer Nelson', 'Josh McRoberts', 'Nikola Vucevic']",Corey Brewer,23.206187784671783,Andre Miller,12.0,2.869065523147583,False
2013,IND,NYK,41,"['D.J. Augustin', 'Jeff Ayres', 'Orlando Johnson', 'Sam Young']","[""Amar'e Stoudemire"", 'Chris Copeland', 'Iman Shumpert', 'Pablo Prigioni', 'Steve Novak']",C.J. Miles,51.40751004219055,Tyler Hansbrough,5.0,2.6529316902160645,False
2013,ORL,TOR,32,"['Arron Afflalo', 'Ish Smith', 'J.J. Redick', 'Nikola Vucevic']","['Alan Anderson', 'Amir Johnson', 'DeMar DeRozan', 'Ed Davis', 'Jose Calderon']",Arron Afflalo,16.090749204158783,Andrew Nicholson,2.0,13.935647964477539,False
2013,MIN,NYK,30,"['Alexey Shved', 'Derrick Williams', 'Luke Ridnour', 'Nikola Pekovic']","[""Amar'e Stoudemire"", 'Carmelo Anthony', 'J.R. Smith', 'Raymond Felton', 'Tyson Chandler']",Ricky Rubio,14.236657321453094,Ricky Rubio,1.0,14.23665714263916,True
2013,BOS,CHA,25,"['Avery Bradley', 'Brandon Bass', 'Jeff Green', 'Paul Pierce']","['Bismack Biyombo', 'Gerald Henderson', 'Josh McRoberts', 'Kemba Walker', 'Michael Kidd-Gilchrist']",Courtney Lee,27.161046862602234,Courtney Lee,1.0,27.161046981811523,True
2013,DAL,BOS,8,"['Brandan Wright', 'Mike James', 'O.J. Mayo', 'Vince Carter']","['Avery Bradley', 'Brandon Bass', 'Courtney Lee', 'Jeff Green', 'Paul Pierce']",Shawn Marion,15.978004038333893,Shawn Marion,1.0,15.978004455566406,True
2013,CLE,TOR,13,"['C.J. Miles', 'Dion Waiters', 'Luke Walton', 'Marreese Speights']","['Alan Anderson', 'Andrea Bargnani', 'John Lucas III', 'Landry Fields', 'Rudy Gay']",Mo Williams,43.1370884180069,Wayne Ellington,245.0,9.882870521948917e-09,False
2013,PHI,LAL,37,"['Damien Wilkins', 'Dorell Wright', 'Spencer Hawes', 'Thaddeus Young']","['Antawn Jamison', 'Darius Morris', 'Dwight Howard', 'Jodie Meeks', 'Kobe Bryant']",Jrue Holiday,33.13511312007904,Nick Young,4.0,12.202131271362305,False
2013,MEM,DEN,39,"['Jerryd Bayless', 'Marreese Speights', 'Quincy Pondexter', 'Zach Randolph']","['Andre Miller', 'Corey Brewer', 'Danilo Gallinari', 'Jordan Hamilton', 'Kenneth Faried']",Quincy Pondexter,21.882376074790955,Rudy Gay,3.0,19.901935577392578,False
2013,DET,MIA,25,"['Brandon Knight', 'Greg Monroe', 'Kyle Singler', 'Tayshaun Prince']","['Chris Bosh', 'LeBron James', 'Mario Chalmers', 'Mike Miller', 'Udonis Haslem']",Andre Drummond,20.891588926315308,Jason Maxiell,2.0,17.50331687927246,False
2013,UTA,NOH,40,"['Alec Burks', 'Derrick Favors', 'Earl Watson', 'Paul Millsap']","['Brian Roberts', 'Greivis Vasquez', 'Robin Lopez', 'Ryan Anderson', 'Xavier Henry']",Gordon Hayward,23.7006813287735,Marvin Williams,2.0,23.295799255371094,False
2013,PHO,LAL,33,"['Goran Dragic', 'Michael Beasley', 'P.J. Tucker', 'Shannon Brown']","['Dwight Howard', 'Kobe Bryant', 'Metta World Peace', 'Pau Gasol', 'Steve Nash']",Jason Richardson,97.99931645393372,Marcin Gortat,26.0,1.3187817785365041e-05,False
2013,DAL,BOS,46,"['Brandan Wright', 'Dirk Nowitzki', 'O.J. Mayo', 'Vince Carter']","['Avery Bradley', 'Courtney Lee', 'Jeff Green', 'Kevin Garnett', 'Paul Pierce']",Darren Collison,56.134337186813354,Darren Collison,1.0,56.13433837890625,True
2013,IND,POR,15,"['D.J. Augustin', 'Ian Mahinmi', 'Sam Young', 'Tyler Hansbrough']","['Joel Freeland', 'Luke Babbitt', 'Meyers Leonard', 'Nolan Smith', 'Will Barton']",Lance Stephenson,58.044636249542236,Gerald Green,2.0,19.851652145385742,False
2013,MIN,POR,32,"['Andrei Kirilenko', 'Dante Cunningham', 'Greg Stiemsma', 'Luke Ridnour']","['Damian Lillard', 'J.J. Hickson', 'LaMarcus Aldridge', 'Nicolas Batum', 'Wesley Matthews']",Alexey Shved,30.39991855621338,Alexey Shved,1.0,30.399917602539062,True
2013,LAC,NOH,37,"['Eric Bledsoe', 'Jamal Crawford', 'Lamar Odom', 'Matt Barnes']","['Anthony Davis', 'Brian Roberts', 'Dominic McGuire', 'Roger Mason', 'Ryan Anderson']",Blake Griffin,20.508086681365967,Ronny Turiaf,5.0,7.979120254516602,False
2013,SAS,NYK,21,"['Danny Green', 'Manu Ginobili', 'Stephen Jackson', 'Tim Duncan']","['Carmelo Anthony', 'J.R. Smith', 'Jason Kidd', 'Raymond Felton', 'Tyson Chandler']",Boris Diaw,13.664387166500092,Tony Parker,7.0,6.132822513580322,False
2013,POR,LAL,37,"['Eric Maynor', 'Meyers Leonard', 'Sasha Pavlovic', 'Victor Claver']","['Earl Clark', 'Jodie Meeks', 'Kobe Bryant', 'Pau Gasol', 'Steve Blake']",Vince Carter,30.84392249584198,Luke Babbitt,329.0,4.1725241426045223e-13,False
2013,TOR,NOH,0,"['Amir Johnson', 'Jonas Valanciunas', 'Kyle Lowry', 'Rudy Gay']","['Al-Farouq Aminu', 'Anthony Davis', 'Eric Gordon', 'Greivis Vasquez', 'Robin Lopez']",DeMar DeRozan,95.217365026474,DeMar DeRozan,1.0,95.21736145019531,True
2013,GSW,CLE,5,"['Andrew Bogut', 'Harrison Barnes', 'Klay Thompson', 'Stephen Curry']","['C.J. Miles', 'Dion Waiters', 'Kyrie Irving', 'Samardo Samuels', 'Tristan Thompson']",Stephen Curry,33.66972804069519,David Lee,3.0,12.463537216186523,False
2013,ATL,OKC,44,"['Al Horford', 'Jeff Teague', 'Kyle Korver', 'Lou Williams']","['Kendrick Perkins', 'Kevin Durant', 'Russell Westbrook', 'Serge Ibaka', 'Thabo Sefolosha']",Josh Smith,65.48929810523987,Josh Smith,1.0,65.48929595947266,True
2013,SAS,OKC,31,"['Danny Green', 'Stephen Jackson', 'Tim Duncan', 'Tony Parker']","['Kendrick Perkins', 'Kevin Durant', 'Russell Westbrook', 'Serge Ibaka', 'Thabo Sefolosha']",Boris Diaw,31.387507915496826,Boris Diaw,1.0,31.387508392333984,True
2013,SAS,GSW,33,"['Boris Diaw', 'Gary Neal', 'Stephen Jackson', 'Tiago Splitter']","['Carl Landry', 'David Lee', 'Draymond Green', 'Harrison Barnes', 'Jarrett Jack']",Jason Kidd,58.75170826911926,Tony Parker,225.0,5.529185616304222e-12,False
2014,WAS,MEM,10,"['Chris Singleton', 'John Wall', 'Marcin Gortat', 'Trevor Ariza']","['Ed Davis', 'Marc Gasol', 'Mike Conley', 'Mike Miller', 'Tony Allen']",Martell Webster,22.25397676229477,Al Harrington,16.0,0.4444385766983032,False
2014,SAS,DAL,5,"['Danny Green', 'Tiago Splitter', 'Tim Duncan', 'Tony Parker']","['DeJuan Blair', 'Dirk Nowitzki', 'Jose Calderon', 'Monta Ellis', 'Shawn Marion']",Manu Ginobili,94.93425488471985,Kawhi Leonard,3.0,0.9886057376861572,False
2014,PHO,ATL,17,"['Goran Dragic', 'Ish Smith', 'Markieff Morris', 'Shavlik Randolph']","['DeMarre Carroll', 'Elton Brand', 'Lou Williams', 'Mike Scott', 'Shelvin Mack']",Gerald Green,38.11798691749573,Marcus Morris,2.0,25.67344856262207,False
2014,IND,NYK,31,"['David West', 'George Hill', 'Lance Stephenson', 'Roy Hibbert']","[""Amar'e Stoudemire"", 'Carmelo Anthony', 'J.R. Smith', 'Raymond Felton', 'Tyson Chandler']",Paul George,47.70619571208954,Paul George,1.0,47.70619583129883,True
2014,SAC,BRK,10,"['DeMarcus Cousins', 'Marcus Thornton', 'Patrick Patterson', 'Travis Outlaw']","['Alan Anderson', 'Andray Blatche', 'Deron Williams', 'Mason Plumlee', 'Paul Pierce']",Isaiah Thomas,46.61162197589874,Isaiah Thomas,1.0,46.61162185668945,True
2014,PHI,MIN,12,"['Brandon Davies', 'Daniel Orton', 'Elliot Williams', 'James Anderson']","['Alexey Shved', 'Dante Cunningham', 'Kevin Love', 'Ricky Rubio', 'Robbie Hummel']",Michael Carter-Williams,30.910980701446533,Evan Turner,6.0,7.233504772186279,False
2014,OKC,MEM,0,"['Kendrick Perkins', 'Reggie Jackson', 'Serge Ibaka', 'Thabo Sefolosha']","['Courtney Lee', 'Marc Gasol', 'Nick Calathes', 'Tayshaun Prince', 'Zach Randolph']",Kevin Durant,99.8896837234497,Kevin Durant,1.0,99.88968658447266,True
2014,CHI,DET,19,"['Joakim Noah', 'Kirk Hinrich', 'Marquis Teague', 'Mike Dunleavy']","['Andre Drummond', 'Brandon Jennings', 'Greg Monroe', 'Kentavious Caldwell-Pope', 'Kyle Singler']",Carlos Boozer,79.78708744049072,Carlos Boozer,1.0,79.7870864868164,True
2014,UTA,CHI,43,"['Derrick Favors', 'Gordon Hayward', 'Marvin Williams', 'Richard Jefferson']","['Carlos Boozer', 'Joakim Noah', 'Kirk Hinrich', 'Mike Dunleavy', 'Tony Snell']",Derrick Favors,55.40000796318054,Trey Burke,9.0,1.4025628566741943,False
2014,CHI,NYK,34,"['Carlos Boozer', 'D.J. Augustin', 'Mike Dunleavy', 'Taj Gibson']","['Carmelo Anthony', 'Iman Shumpert', 'Pablo Prigioni', 'Tim Hardaway', 'Tyson Chandler']",Jimmy Butler,62.75678873062134,Jimmy Butler,1.0,62.75679016113281,True
2014,IND,MIL,10,"['David West', 'Evan Turner', 'Ian Mahinmi', 'Paul George']","['Giannis Antetokounmpo', 'Jeff Adrien', 'John Henson', 'O.J. Mayo', 'Ramon Sessions']",George Hill,61.16778254508972,C.J. Watson,2.0,30.2846736907959,False
2014,NOP,DEN,36,"['Anthony Davis', 'Austin Rivers', 'Eric Gordon', 'Greg Stiemsma']","['Darrell Arthur', 'J.J. Hickson', 'Randy Foye', 'Ty Lawson', 'Wilson Chandler']",Austin Rivers,11.743628233671188,Tyreke Evans,2.0,11.082356452941895,False
2014,MIA,POR,0,"['Chris Bosh', 'Greg Oden', 'LeBron James', 'Toney Douglas']","['Damian Lillard', 'Dorell Wright', 'Nicolas Batum', 'Robin Lopez', 'Wesley Matthews']",Mario Chalmers,20.088009536266327,Mario Chalmers,1.0,20.088008880615234,True
2014,DET,BOS,8,"['Andre Drummond', 'Brandon Jennings', 'Josh Smith', 'Rodney Stuckey']","['Brandon Bass', 'Chris Johnson', 'Jeff Green', 'Jerryd Bayless', 'Kelly Olynyk']",Andre Drummond,27.011549472808838,Kyle Singler,3.0,18.084033966064453,False
2014,SAS,UTA,0,"['Danny Green', 'Kawhi Leonard', 'Tiago Splitter', 'Tony Parker']","['Derrick Favors', 'Enes Kanter', 'Gordon Hayward', 'Richard Jefferson', 'Trey Burke']",Tim Duncan,26.76386833190918,Tim Duncan,1.0,26.76386833190918,True
2014,BRK,TOR,23,"['Alan Anderson', 'Kevin Garnett', 'Paul Pierce', 'Shaun Livingston']","['Amir Johnson', 'Greivis Vasquez', 'John Salmons', 'Jonas Valanciunas', 'Kyle Lowry']",Joe Johnson,17.58682131767273,Joe Johnson,1.0,17.586820602416992,True
2014,NOP,SAS,33,"['Al-Farouq Aminu', 'Anthony Davis', 'Anthony Morrow', 'Austin Rivers']","['Cory Joseph', 'Danny Green', 'Tiago Splitter', 'Tim Duncan', 'Tony Parker']",Jrue Holiday,29.12561595439911,Greg Stiemsma,18.0,1.0697264671325684,False
2014,HOU,BOS,22,"['Chandler Parsons', 'James Harden', 'Omri Casspi', 'Patrick Beverley']","['Brandon Bass', 'Courtney Lee', 'Jared Sullinger', 'Jeff Green', 'Jordan Crawford']",Terrence Jones,36.172857880592346,Terrence Jones,1.0,36.17285919189453,True
2014,SAS,CHA,29,"['Boris Diaw', 'Manu Ginobili', 'Patty Mills', 'Tim Duncan']","['Al Jefferson', 'Gerald Henderson', 'Josh McRoberts', 'Kemba Walker', 'Michael Kidd-Gilchrist']",Kawhi Leonard,50.2838671207428,Kawhi Leonard,1.0,50.28386688232422,True
2014,MIA,DET,25,"['Chris Bosh', 'James Jones', 'LeBron James', 'Shane Battier']","['Andre Drummond', 'Brandon Jennings', 'Greg Monroe', 'Josh Smith', 'Kentavious Caldwell-Pope']",Mario Chalmers,68.31345558166504,Mario Chalmers,1.0,68.3134536743164,True
2014,DET,PHI,15,"['Brandon Jennings', 'Josh Harrellson', 'Kyle Singler', 'Will Bynum']","['Elliot Williams', 'Evan Turner', 'James Anderson', 'Spencer Hawes', 'Thaddeus Young']",Josh Smith,25.719255208969116,Greg Monroe,3.0,13.129171371459961,False
2014,DET,NYK,42,"['Andre Drummond', 'Greg Monroe', 'Rodney Stuckey', 'Will Bynum']","[""Amar'e Stoudemire"", 'Carmelo Anthony', 'J.R. Smith', 'Raymond Felton', 'Tyson Chandler']",Andre Drummond,26.684176921844482,Josh Smith,9.0,2.326934814453125,False
2014,MEM,OKC,39,"['James Johnson', 'Jon Leuer', 'Mike Conley', 'Zach Randolph']","['Derek Fisher', 'Jeremy Lamb', 'Kevin Durant', 'Nick Collison', 'Reggie Jackson']",Tayshaun Prince,21.66576087474823,Mike Miller,8.0,5.574377059936523,False
2014,IND,ORL,0,"['David West', 'George Hill', 'Lance Stephenson', 'Roy Hibbert']","['Arron Afflalo', 'Glen Davis', 'Nikola Vucevic', 'Tobias Harris', 'Victor Oladipo']",Paul George,76.80372595787048,Paul George,1.0,76.80372619628906,True
2014,BRK,NOP,18,"['Andrei Kirilenko', 'Jason Terry', 'Mason Plumlee', 'Mirza Teletovic']","['Al-Farouq Aminu', 'Anthony Davis', 'Brian Roberts', 'Eric Gordon', 'Luke Babbitt']",Joe Johnson,21.497783064842224,Alan Anderson,3.0,15.111482620239258,False
2014,IND,GSW,43,"['David West', 'George Hill', 'Paul George', 'Roy Hibbert']","['Draymond Green', 'Harrison Barnes', ""Jermaine O'Neal"", 'Klay Thompson', 'Stephen Curry']",Lance Stephenson,59.48820114135742,Lance Stephenson,1.0,59.48820114135742,True
2014,LAC,ATL,38,"['Danny Granger', 'Darren Collison', 'Hedo Turkoglu', 'Willie Green']","['Cartier Martin', 'Dennis Schroder', 'Elton Brand', 'Mike Scott', 'Shelvin Mack']",DeAndre Jordan,28.637856245040894,Glen Davis,15.0,0.7085358500480652,False
2014,LAC,HOU,38,"['Chris Paul', 'Jamal Crawford', 'Jared Dudley', 'Matt Barnes']","['Aaron Brooks', 'Chandler Parsons', 'Dwight Howard', 'Francisco Garcia', 'Omri Casspi']",Blake Griffin,58.856648206710815,Byron Mullens,27.0,0.1502196192741394,False
2014,WAS,CLE,5,"['Bradley Beal', 'John Wall', 'Kevin Seraphin', 'Martell Webster']","['Andrew Bynum', 'C.J. Miles', 'Earl Clark', 'Kyrie Irving', 'Tristan Thompson']",Marcin Gortat,33.96371304988861,Marcin Gortat,1.0,33.963714599609375,True
2014,NOP,LAL,23,"['Anthony Davis', 'Jason Smith', 'Jrue Holiday', 'Tyreke Evans']","['Chris Kaman', 'Jodie Meeks', 'Nick Young', 'Pau Gasol', 'Steve Blake']",Carlos Delfino,95.74495553970337,Eric Gordon,18.0,0.021053213626146317,False
2014,WAS,SAS,7,"['Bradley Beal', 'John Wall', 'Marcin Gortat', 'Trevor Ariza']","['Boris Diaw', 'Danny Green', 'Marco Belinelli', 'Tim Duncan', 'Tony Parker']",Trevor Booker,24.66491609811783,Nene Hilario,2.0,22.207534790039062,False
2014,WAS,OKC,44,"['John Wall', 'Marcin Gortat', 'Martell Webster', 'Nene Hilario']","['Jeremy Lamb', 'Perry Jones', 'Reggie Jackson', 'Steven Adams', 'Thabo Sefolosha']",Martell Webster,44.87949311733246,Bradley Beal,2.0,29.15784454345703,False
2014,ATL,MEM,19,"['DeMarre Carroll', 'Gustavo Ayon', 'Kyle Korver', 'Paul Millsap']","['Ed Davis', 'James Johnson', 'Kosta Koufos', 'Mike Miller', 'Nick Calathes']",Jeff Teague,55.43437600135803,Lou Williams,3.0,11.81619644165039,False
2014,DET,IND,12,"['Andre Drummond', 'Josh Smith', 'Rodney Stuckey', 'Will Bynum']","['Donald Sloan', 'Luis Scola', 'Paul George', 'Roy Hibbert', 'Solomon Hill']",Greg Monroe,26.600143313407898,Kyle Singler,3.0,15.065208435058594,False
2014,NOP,ATL,0,"['Al-Farouq Aminu', 'Alexis Ajinca', 'Brian Roberts', 'Eric Gordon']","['DeMarre Carroll', 'Gustavo Ayon', 'Jeff Teague', 'Kyle Korver', 'Paul Millsap']",Anthony Davis,9.50721874833107,Anthony Davis,1.0,9.507218360900879,True
2014,DEN,CLE,43,"['Nate Robinson', 'Randy Foye', 'Ty Lawson', 'Wilson Chandler']","['Anderson Varejao', 'C.J. Miles', 'Kyrie Irving', 'Luol Deng', 'Tristan Thompson']",J.J. Hickson,36.12069487571716,J.J. Hickson,1.0,36.12069320678711,True
2014,WAS,CHI,20,"['John Wall', 'Marcin Gortat', 'Nene Hilario', 'Trevor Ariza']","['D.J. Augustin', 'Jimmy Butler', 'Joakim Noah', 'Taj Gibson', 'Tony Snell']",Martell Webster,50.82468390464783,Bradley Beal,2.0,35.52921676635742,False
2014,CHI,MEM,37,"['D.J. Augustin', 'Jimmy Butler', 'Joakim Noah', 'Tony Snell']","['Kosta Koufos', 'Mike Conley', 'Mike Miller', 'Tony Allen', 'Zach Randolph']",Taj Gibson,63.23038339614868,Taj Gibson,1.0,63.230384826660156,True
2014,SAS,OKC,47,"['Cory Joseph', 'Manu Ginobili', 'Tim Duncan', 'Tony Parker']","['Derek Fisher', 'Jeremy Lamb', 'Kevin Durant', 'Reggie Jackson', 'Serge Ibaka']",Boris Diaw,21.462981402873993,Marco Belinelli,6.0,6.626780986785889,False
2014,TOR,CLE,33,"['John Salmons', 'Jonas Valanciunas', 'Patrick Patterson', 'Terrence Ross']","['Jarrett Jack', 'Kyrie Irving', 'Luol Deng', 'Spencer Hawes', 'Tristan Thompson']",Kyle Lowry,84.73076820373535,Kyle Lowry,1.0,84.73076629638672,True
2014,NOP,SAS,0,"['Anthony Davis', 'Brian Roberts', 'Eric Gordon', 'Jason Smith']","['Jeff Ayres', 'Kawhi Leonard', 'Manu Ginobili', 'Tim Duncan', 'Tony Parker']",Tyreke Evans,22.033637762069702,Al-Farouq Aminu,2.0,20.640901565551758,False
2014,LAL,BRK,25,"['Kendall Marshall', 'Kent Bazemore', 'Pau Gasol', 'Wesley Johnson']","['Andrei Kirilenko', 'Deron Williams', 'Joe Johnson', 'Mason Plumlee', 'Paul Pierce']",Jodie Meeks,14.846916496753693,Jodie Meeks,1.0,14.846916198730469,True
2014,LAC,LAL,13,"['Darren Collison', 'J.J. Redick', 'Jared Dudley', 'Willie Green']","['Jodie Meeks', 'Kent Bazemore', 'Nick Young', 'Robert Sacre', 'Wesley Johnson']",DeAndre Jordan,48.37536811828613,Glen Davis,5.0,1.5538583993911743,False
2014,LAC,CHA,0,"['Chris Paul', 'DeAndre Jordan', 'Jamal Crawford', 'Jared Dudley']","['Al Jefferson', 'Anthony Tolliver', 'Gerald Henderson', 'Josh McRoberts', 'Kemba Walker']",Blake Griffin,98.35520386695862,Blake Griffin,1.0,98.3552017211914,True
2014,DAL,MIN,41,"['DeJuan Blair', 'Gal Mekel', 'Monta Ellis', 'Shawn Marion']","['Dante Cunningham', 'Kevin Martin', 'Luc Mbah a Moute', 'Nikola Pekovic', 'Ricky Rubio']",Vince Carter,37.81638145446777,Vince Carter,1.0,37.816383361816406,True
2014,LAC,HOU,45,"['Byron Mullens', 'Darren Collison', 'Jamal Crawford', 'Ryan Hollins']","['Donatas Motiejunas', 'Greg Smith', 'Jeremy Lin', 'Ronnie Brewer', 'Terrence Jones']",Reggie Bullock,15.158295631408691,Reggie Bullock,1.0,15.158295631408691,True
2014,TOR,IND,44,"['Amir Johnson', 'Jonas Valanciunas', 'Kyle Lowry', 'Terrence Ross']","['David West', 'George Hill', 'Lance Stephenson', 'Paul George', 'Roy Hibbert']",DeMar DeRozan,68.51956248283386,DeMar DeRozan,1.0,68.51956176757812,True
2014,BRK,CHI,32,"['Andray Blatche', 'Andrei Kirilenko', 'Joe Johnson', 'Paul Pierce']","['Carlos Boozer', 'Jimmy Butler', 'Joakim Noah', 'Kirk Hinrich', 'Mike Dunleavy']",Deron Williams,51.49509906768799,Deron Williams,1.0,51.49509811401367,True
2014,BRK,TOR,46,"['Deron Williams', 'Joe Johnson', 'Paul Pierce', 'Shaun Livingston']","['Amir Johnson', 'DeMar DeRozan', 'Kyle Lowry', 'Terrence Ross', 'Tyler Hansbrough']",Mason Plumlee,30.837154388427734,Andray Blatche,2.0,20.581018447875977,False
2014,IND,DET,24,"['George Hill', 'Lance Stephenson', 'Luis Scola', 'Paul George']","['Greg Monroe', 'Jonas Jerebko', 'Josh Smith', 'Kyle Singler', 'Will Bynum']",Roy Hibbert,93.68643164634705,Ian Mahinmi,2.0,5.780411243438721,False
2014,HOU,MIN,22,"['James Harden', 'Jeremy Lin', 'Omer Asik', 'Terrence Jones']","['Corey Brewer', 'Gorgui Dieng', 'Kevin Love', 'Kevin Martin', 'Ricky Rubio']",Chandler Parsons,91.5264904499054,Chandler Parsons,1.0,91.5264892578125,True
2014,WAS,CLE,0,"['Bradley Beal', 'John Wall', 'Martell Webster', 'Nene Hilario']","['Andrew Bynum', 'C.J. Miles', 'Earl Clark', 'Kyrie Irving', 'Tristan Thompson']",Marcin Gortat,99.02102947235107,Marcin Gortat,1.0,99.02102661132812,True
2014,NOP,PHO,36,"['Anthony Davis', 'Anthony Morrow', 'Brian Roberts', 'Tyreke Evans']","['Gerald Green', 'Ish Smith', 'Marcus Morris', 'Markieff Morris', 'P.J. Tucker']",Tyreke Evans,13.270658254623413,Greg Stiemsma,15.0,2.373241662979126,False
2014,HOU,LAC,30,"['Chandler Parsons', 'Jeremy Lin', 'Omer Asik', 'Terrence Jones']","['Chris Paul', 'Darren Collison', 'DeAndre Jordan', 'Jamal Crawford', 'Matt Barnes']",James Harden,36.16989850997925,James Harden,1.0,36.169898986816406,True
2014,PHI,OKC,45,"['Evan Turner', 'James Anderson', 'Spencer Hawes', 'Thaddeus Young']","['Kevin Durant', 'Nick Collison', 'Reggie Jackson', 'Serge Ibaka', 'Thabo Sefolosha']",Michael Carter-Williams,60.13833284378052,Michael Carter-Williams,1.0,60.13833236694336,True
2014,GSW,PHO,17,"['Draymond Green', 'Harrison Barnes', 'Klay Thompson', 'Stephen Curry']","['Alex Len', 'Goran Dragic', 'Ish Smith', 'Marcus Morris', 'Markieff Morris']",Andrew Bogut,40.5569851398468,David Lee,3.0,9.468339920043945,False
2014,CLE,DEN,38,"['Anderson Varejao', 'Anthony Bennett', 'Earl Clark', 'Jarrett Jack']","['Andre Miller', 'Darrell Arthur', 'Evan Fournier', 'J.J. Hickson', 'Nate Robinson']",LeBron James,25.644859671592712,Dion Waiters,120.0,0.0025591279845684767,False
2014,NOP,DEN,0,"['Al-Farouq Aminu', 'Anthony Davis', 'Anthony Morrow', 'Jrue Holiday']","['J.J. Hickson', 'Jordan Hamilton', 'Timofey Mozgov', 'Ty Lawson', 'Wilson Chandler']",Eric Gordon,19.727644324302673,Ryan Anderson,5.0,6.974607467651367,False
2014,PHO,SAS,0,"['Channing Frye', 'Gerald Green', 'Goran Dragic', 'P.J. Tucker']","['Boris Diaw', 'Cory Joseph', 'Danny Green', 'Marco Belinelli', 'Tim Duncan']",Jared Dudley,70.19489407539368,Miles Plumlee,64.0,1.5275872788933498e-09,False
2014,CLE,WAS,25,"['Jarrett Jack', 'Kyrie Irving', 'Luol Deng', 'Tristan Thompson']","['Bradley Beal', 'John Wall', 'Marcin Gortat', 'Nene Hilario', 'Trevor Ariza']",Tristan Thompson,13.315467536449432,Tyler Zeller,3.0,7.488625526428223,False
2014,PHI,DEN,23,"['Evan Turner', 'Spencer Hawes', 'Thaddeus Young', 'Tony Wroten']","['Andre Miller', 'Anthony Randolph', 'Nate Robinson', 'Randy Foye', 'Wilson Chandler']",Michael Carter-Williams,33.665770292282104,Hollis Thompson,4.0,12.364397048950195,False
2014,DEN,CLE,34,"['Evan Fournier', 'Quincy Miller', 'Ty Lawson', 'Wilson Chandler']","['Dion Waiters', 'Jarrett Jack', 'Luol Deng', 'Tristan Thompson', 'Tyler Zeller']",Kenneth Faried,38.42771053314209,Timofey Mozgov,3.0,18.91222381591797,False
2014,SAS,IND,16,"['Boris Diaw', 'Jeff Ayres', 'Marco Belinelli', 'Patty Mills']","['C.J. Watson', 'Ian Mahinmi', 'Lance Stephenson', 'Luis Scola', 'Orlando Johnson']",Danny Green,35.437753796577454,Danny Green,1.0,35.4377555847168,True
2014,PHI,MIL,0,"['Daniel Orton', 'James Anderson', 'Michael Carter-Williams', 'Spencer Hawes']","['Caron Butler', 'Ersan Ilyasova', 'Luke Ridnour', 'O.J. Mayo', 'Zaza Pachulia']",James Anderson,17.080765962600708,Evan Turner,7.0,5.530470848083496,False
2014,MIN,CLE,33,"['Corey Brewer', 'Dante Cunningham', 'Kevin Love', 'Robbie Hummel']","['Anderson Varejao', 'Anthony Bennett', 'Jarrett Jack', 'Kyrie Irving', 'Matthew Dellavedova']",Ricky Rubio,87.41710782051086,Ricky Rubio,1.0,87.41710662841797,True
2014,DEN,PHO,44,"['J.J. Hickson', 'Kenneth Faried', 'Randy Foye', 'Wilson Chandler']","['Gerald Green', 'Goran Dragic', 'Marcus Morris', 'Markieff Morris', 'P.J. Tucker']",Ty Lawson,36.324816942214966,Evan Fournier,2.0,26.78242301940918,False
2014,SAS,CHA,18,"['Kawhi Leonard', 'Marco Belinelli', 'Patty Mills', 'Tim Duncan']","['Anthony Tolliver', 'Bismack Biyombo', 'Gerald Henderson', 'Josh McRoberts', 'Luke Ridnour']",Boris Diaw,25.616151094436646,Manu Ginobili,4.0,8.271228790283203,False
2014,MEM,DEN,40,"['Ed Davis', 'Jerryd Bayless', 'Mike Conley', 'Mike Miller']","['J.J. Hickson', 'Jordan Hamilton', 'Randy Foye', 'Ty Lawson', 'Wilson Chandler']",Zach Randolph,36.60608232021332,James Johnson,9.0,1.4131439924240112,False
2014,BRK,SAS,21,"['Deron Williams', 'Joe Johnson', 'Kevin Garnett', 'Shaun Livingston']","['Cory Joseph', 'Danny Green', 'Marco Belinelli', 'Shannon Brown', 'Tiago Splitter']",Mason Plumlee,19.63595449924469,Paul Pierce,2.0,16.344440460205078,False
2014,LAC,MEM,19,"['Blake Griffin', 'Chris Paul', 'J.J. Redick', 'Jared Dudley']","['Jerryd Bayless', 'Marc Gasol', 'Quincy Pondexter', 'Tayshaun Prince', 'Zach Randolph']",DeAndre Jordan,84.7973108291626,DeAndre Jordan,1.0,84.79730987548828,True
2014,LAC,PHI,25,"['Chris Paul', 'DeAndre Jordan', 'Jamal Crawford', 'Matt Barnes']","['Evan Turner', 'James Anderson', 'Michael Carter-Williams', 'Spencer Hawes', 'Thaddeus Young']",Blake Griffin,93.52787733078003,Blake Griffin,1.0,93.52787780761719,True
2014,SAS,OKC,8,"['Kawhi Leonard', 'Manu Ginobili', 'Tim Duncan', 'Tony Parker']","['Kendrick Perkins', 'Kevin Durant', 'Reggie Jackson', 'Serge Ibaka', 'Thabo Sefolosha']",Boris Diaw,26.037892699241638,Boris Diaw,1.0,26.037893295288086,True
2014,DET,LAC,43,"['Josh Smith', 'Kentavious Caldwell-Pope', 'Kyle Singler', 'Rodney Stuckey']","['DeAndre Jordan', 'Hedo Turkoglu', 'J.J. Redick', 'Jamal Crawford', 'Jared Dudley']",Greg Monroe,56.24343156814575,Andre Drummond,2.0,36.46769332885742,False
2014,PHO,DEN,13,"['Alex Len', 'Ish Smith', 'Marcus Morris', 'Markieff Morris']","['Evan Fournier', 'Kenneth Faried', 'Nate Robinson', 'Quincy Miller', 'Timofey Mozgov']",Goran Dragic,19.65235322713852,Leandro Barbosa,16.0,1.4727131128311157,False
2014,MIN,UTA,45,"['Dante Cunningham', 'Kevin Love', 'Ricky Rubio', 'Robbie Hummel']","['Alec Burks', 'Derrick Favors', 'Gordon Hayward', 'Jeremy Evans', 'Trey Burke']",Corey Brewer,30.86983561515808,Kevin Martin,4.0,8.42406177520752,False
2014,UTA,PHO,39,"['Alec Burks', 'Diante Garrett', 'Enes Kanter', 'Jeremy Evans']","['Archie Goodwin', 'Dionte Christmas', 'Gerald Green', 'Ish Smith', 'Markieff Morris']",Gordon Hayward,31.786078214645386,Gordon Hayward,1.0,31.78607749938965,True
2014,LAC,BRK,41,"['Blake Griffin', 'Chris Paul', 'Jamal Crawford', 'Matt Barnes']","['Alan Anderson', 'Andray Blatche', 'Joe Johnson', 'Mason Plumlee', 'Shaun Livingston']",DeAndre Jordan,86.37552857398987,DeAndre Jordan,1.0,86.37552642822266,True
2014,CHI,PHO,15,"['D.J. Augustin', 'Jimmy Butler', 'Nazr Mohammed', 'Taj Gibson']","['Gerald Green', 'Ish Smith', 'Marcus Morris', 'Markieff Morris', 'Miles Plumlee']",Jimmy Butler,25.375252962112427,Tony Snell,4.0,10.103595733642578,False
2014,MIL,HOU,44,"['Brandon Knight', 'John Henson', 'Khris Middleton', 'Nate Wolters']","['Chandler Parsons', 'Dwight Howard', 'James Harden', 'Jeremy Lin', 'Terrence Jones']",Giannis Antetokounmpo,11.760710179805756,Zaza Pachulia,11.0,3.914865016937256,False
2014,SAS,NYK,7,"['Boris Diaw', 'Kawhi Leonard', 'Manu Ginobili', 'Tim Duncan']","[""Amar'e Stoudemire"", 'Beno Udrih', 'Carmelo Anthony', 'Iman Shumpert', 'Tyson Chandler']",Tony Parker,94.2484438419342,Tony Parker,1.0,94.24844360351562,True
2014,NYK,PHI,38,"[""Amar'e Stoudemire"", 'J.R. Smith', 'Pablo Prigioni', 'Tim Hardaway']","['Elliot Williams', 'Hollis Thompson', 'James Anderson', 'Jarvis Varnado', 'Tony Wroten']",Jason Richardson,98.04826974868774,Iman Shumpert,123.0,1.4086739587304553e-11,False
2014,MEM,PHO,39,"['Ed Davis', 'Jerryd Bayless', 'Jon Leuer', 'Tayshaun Prince']","['Dionte Christmas', 'Eric Bledsoe', 'Goran Dragic', 'Marcus Morris', 'Markieff Morris']",Mike Conley,33.049628138542175,Mike Conley,1.0,33.04962921142578,True
2014,ORL,NYK,11,"['Glen Davis', 'Maurice Harkless', 'Tobias Harris', 'Victor Oladipo']","[""Amar'e Stoudemire"", 'Beno Udrih', 'Carmelo Anthony', 'J.R. Smith', 'Tim Hardaway']",Arron Afflalo,39.07708823680878,Arron Afflalo,1.0,39.07708740234375,True
2014,OKC,SAC,33,"['Kevin Durant', 'Nick Collison', 'Steven Adams', 'Thabo Sefolosha']","['Ben McLemore', 'DeMarcus Cousins', 'Derrick Williams', 'Isaiah Thomas', 'Jason Thompson']",Russell Westbrook,58.48742723464966,Reggie Jackson,2.0,29.400434494018555,False
2014,CHI,PHI,13,"['D.J. Augustin', 'Jimmy Butler', 'Mike Dunleavy', 'Taj Gibson']","['Byron Mullens', 'Darius Johnson-Odom', 'Elliot Williams', 'Henry Sims', 'James Nunnally']",Carlos Boozer,92.76745915412903,Nazr Mohammed,17.0,4.002003493042139e-07,False
2014,IND,MIL,20,"['Evan Turner', 'George Hill', 'Lance Stephenson', 'Luis Scola']","['Brandon Knight', 'Ersan Ilyasova', 'Giannis Antetokounmpo', 'John Henson', 'Ramon Sessions']",Roy Hibbert,62.35473155975342,Roy Hibbert,1.0,62.354732513427734,True
2014,CLE,CHI,17,"['Dion Waiters', 'Jarrett Jack', 'Luol Deng', 'Tyler Zeller']","['Jimmy Butler', 'Joakim Noah', 'Mike James', 'Taj Gibson', 'Tony Snell']",Tristan Thompson,40.11986255645752,Earl Clark,21.0,0.8888426423072815,False
2014,MEM,DEN,0,"['Kosta Koufos', 'Mike Conley', 'Tayshaun Prince', 'Tony Allen']","['J.J. Hickson', 'Jordan Hamilton', 'Timofey Mozgov', 'Ty Lawson', 'Wilson Chandler']",Zach Randolph,51.62510871887207,Zach Randolph,1.0,51.62510681152344,True
2014,CHI,PHI,37,"['D.J. Augustin', 'Jimmy Butler', 'Joakim Noah', 'Taj Gibson']","['Dewayne Dedmon', 'Elliot Williams', 'Hollis Thompson', 'Lavoy Allen', 'Michael Carter-Williams']",Kirk Hinrich,59.24021005630493,Tony Snell,14.0,0.002398744458332658,False
2014,SAS,MIA,36,"['Danny Green', 'Manu Ginobili', 'Patty Mills', 'Tiago Splitter']","['Chris Andersen', 'Dwyane Wade', 'Michael Beasley', 'Norris Cole', 'Ray Allen']",Tim Duncan,40.550440549850464,Boris Diaw,2.0,16.43174934387207,False
2014,DET,SAS,9,"['Brandon Jennings', 'Greg Monroe', 'Josh Smith', 'Kyle Singler']","['Boris Diaw', 'Cory Joseph', 'Jeff Ayres', 'Marco Belinelli', 'Tony Parker']",Rodney Stuckey,43.059903383255005,Rodney Stuckey,1.0,43.05990219116211,True
2014,NOP,GSW,19,"['Al-Farouq Aminu', 'Jason Smith', 'Jrue Holiday', 'Ryan Anderson']","['David Lee', 'Harrison Barnes', ""Jermaine O'Neal"", 'Klay Thompson', 'Stephen Curry']",Tyreke Evans,20.83972990512848,Eric Gordon,2.0,20.52875518798828,False
2014,DET,ATL,10,"['Andre Drummond', 'Brandon Jennings', 'Kyle Singler', 'Rodney Stuckey']","['Cartier Martin', 'Gustavo Ayon', 'Jeff Teague', 'John Jenkins', 'Mike Scott']",Josh Smith,28.124970197677612,Josh Smith,1.0,28.124969482421875,True
2014,ATL,NYK,19,"['Al Horford', 'DeMarre Carroll', 'Jeff Teague', 'Kyle Korver']","['Andrea Bargnani', 'Carmelo Anthony', 'Iman Shumpert', 'J.R. Smith', 'Raymond Felton']",Paul Millsap,37.27698624134064,Paul Millsap,1.0,37.27698516845703,True
2014,UTA,MIN,40,"['Alec Burks', 'Gordon Hayward', 'Marvin Williams', 'Trey Burke']","['Corey Brewer', 'Dante Cunningham', 'Gorgui Dieng', 'J.J. Barea', 'Luc Mbah a Moute']",Enes Kanter,45.90901434421539,Enes Kanter,1.0,45.90901565551758,True
2014,DAL,NOP,26,"['Dirk Nowitzki', 'Jose Calderon', 'Monta Ellis', 'Shawn Marion']","['Al-Farouq Aminu', 'Brian Roberts', 'Eric Gordon', 'Greg Stiemsma', 'Tyreke Evans']",Shawn Marion,18.155287206172943,Samuel Dalembert,7.0,4.353825569152832,False
2014,DET,CLE,16,"['Andre Drummond', 'Jonas Jerebko', 'Rodney Stuckey', 'Will Bynum']","['C.J. Miles', 'Dion Waiters', 'Earl Clark', 'Henry Sims', 'Matthew Dellavedova']",Josh Smith,29.59592342376709,Kyle Singler,4.0,8.857664108276367,False
2014,IND,ORL,32,"['David West', 'George Hill', 'Ian Mahinmi', 'Paul George']","[""E'Twaun Moore"", 'Jameer Nelson', 'Jason Maxiell', ""Kyle O'Quinn"", 'Victor Oladipo']",Lance Stephenson,50.893181562423706,Orlando Johnson,2.0,12.630173683166504,False
2014,MIN,GSW,0,"['Corey Brewer', 'Kevin Martin', 'Nikola Pekovic', 'Ricky Rubio']","['Andre Iguodala', 'Andrew Bogut', 'David Lee', 'Klay Thompson', 'Stephen Curry']",Kevin Love,87.85770535469055,Kevin Love,1.0,87.85770416259766,True
2014,DEN,NOP,5,"['J.J. Hickson', 'Kenneth Faried', 'Randy Foye', 'Wilson Chandler']","['Darius Miller', 'Eric Gordon', 'Jason Smith', 'Jrue Holiday', 'Ryan Anderson']",Ty Lawson,33.96527171134949,Ty Lawson,1.0,33.96527099609375,True
2015,MEM,MIN,13,"['Jon Leuer', 'Mike Conley', 'Tony Allen', 'Vince Carter']","['Anthony Bennett', 'Chase Budinger', 'Gorgui Dieng', 'Mo Williams', 'Shabazz Muhammad']",Vince Carter,13.685871660709381,Marc Gasol,12.0,3.8274056911468506,False
2015,BOS,DET,0,"['Avery Bradley', 'Jared Sullinger', 'Rajon Rondo', 'Tyler Zeller']","['Andre Drummond', 'Brandon Jennings', 'Josh Smith', 'Kentavious Caldwell-Pope', 'Kyle Singler']",Avery Bradley,25.973406434059143,Jeff Green,2.0,20.008895874023438,False
2015,IND,CHI,0,"['George Hill', 'Rodney Stuckey', 'Roy Hibbert', 'Solomon Hill']","['Derrick Rose', 'Jimmy Butler', 'Joakim Noah', 'Mike Dunleavy', 'Pau Gasol']",David West,93.75876784324646,David West,1.0,93.7587661743164,True
2015,HOU,TOR,40,"['Corey Brewer', 'Donatas Motiejunas', 'Jason Terry', 'Trevor Ariza']","['DeMar DeRozan', 'Greivis Vasquez', 'James Johnson', 'Kyle Lowry', 'Terrence Ross']",Patrick Beverley,16.464222967624664,Terrence Jones,4.0,10.295891761779785,False
2015,OKC,MIN,33,"['Dion Waiters', 'Russell Westbrook', 'Serge Ibaka', 'Steven Adams']","['Andrew Wiggins', 'Anthony Bennett', 'Gorgui Dieng', 'Mo Williams', 'Thaddeus Young']",Kevin Durant,26.97826325893402,Perry Jones,5.0,9.159272193908691,False
2015,OKC,LAC,42,"['D.J. Augustin', 'Enes Kanter', 'Russell Westbrook', 'Serge Ibaka']","['Chris Paul', 'DeAndre Jordan', 'J.J. Redick', 'Matt Barnes', 'Spencer Hawes']",Dion Waiters,31.699612736701965,Anthony Morrow,3.0,12.405805587768555,False
2015,SAC,PHO,13,"['Ben McLemore', 'Carl Landry', 'Derrick Williams', 'Ray McCallum']","['Brandan Wright', 'Gerald Green', 'Isaiah Thomas', 'Marcus Morris', 'P.J. Tucker']",DeMarcus Cousins,17.359966039657593,Reggie Evans,6.0,6.700250625610352,False
2015,OKC,PHI,33,"['D.J. Augustin', 'Dion Waiters', 'Mitch McGary', 'Nick Collison']","['Isaiah Canaan', 'Jerami Grant', 'Luc Mbah a Moute', 'Nerlens Noel', 'Thomas Robinson']",Vince Carter,89.40314054489136,Russell Westbrook,2.0,9.769914627075195,False
2015,PHI,ATL,13,"['Henry Sims', 'Hollis Thompson', 'JaKarr Sampson', 'Tony Wroten']","['Al Horford', 'Kent Bazemore', 'Kyle Korver', 'Mike Muscala', 'Shelvin Mack']",Nerlens Noel,13.129062950611115,Jerami Grant,5.0,7.54543399810791,False
2015,BRK,PHO,6,"['Alan Anderson', 'Jarrett Jack', 'Joe Johnson', 'Mason Plumlee']","['Alex Len', 'Brandon Knight', 'Gerald Green', 'Marcus Morris', 'Markieff Morris']",Mason Plumlee,20.234209299087524,Deron Williams,4.0,7.727524757385254,False
2015,BOS,SAS,21,"['Evan Turner', 'Jeff Green', 'Rajon Rondo', 'Tyler Zeller']","['Boris Diaw', 'Danny Green', 'Kawhi Leonard', 'Tim Duncan', 'Tony Parker']",Tyler Zeller,21.004535257816315,Brandon Bass,3.0,11.37733268737793,False
2015,SAC,LAC,35,"['Ben McLemore', 'Quincy Miller', 'Ray McCallum', 'Reggie Evans']","['Austin Rivers', 'Blake Griffin', 'J.J. Redick', 'Jamal Crawford', 'Spencer Hawes']",DeMarcus Cousins,9.907127916812897,Derrick Williams,3.0,6.553157329559326,False
2015,TOR,NYK,0,"['Amir Johnson', 'James Johnson', 'Jonas Valanciunas', 'Terrence Ross']","['Carmelo Anthony', 'Cole Aldrich', 'Jose Calderon', 'Quincy Acy', 'Tim Hardaway']",Kyle Lowry,61.95533275604248,Kyle Lowry,1.0,61.9553337097168,True
2015,DEN,NOP,34,"['Arron Afflalo', 'JaVale McGee', 'Kenneth Faried', 'Wilson Chandler']","['Austin Rivers', 'Jeff Withey', 'Jrue Holiday', 'Luke Babbitt', 'Ryan Anderson']",Ty Lawson,35.112765431404114,Ty Lawson,1.0,35.11276626586914,True
2015,ATL,OKC,36,"['Dennis Schroder', 'Kyle Korver', 'Pero Antic', 'Thabo Sefolosha']","['Anthony Morrow', 'Dion Waiters', 'Kendrick Perkins', 'Kevin Durant', 'Reggie Jackson']",Paul Millsap,77.73047685623169,Al Horford,3.0,8.341060638427734,False
2015,ORL,SAS,28,"['Elfrid Payton', 'Nikola Vucevic', 'Tobias Harris', 'Victor Oladipo']","['Danny Green', 'Kawhi Leonard', 'Tiago Splitter', 'Tim Duncan', 'Tony Parker']",Hedo Turkoglu,59.28733944892883,Andrew Nicholson,14.0,0.2779027819633484,False
2015,POR,IND,37,"['Allen Crabbe', 'Chris Kaman', 'Steve Blake', 'Wesley Matthews']","['C.J. Miles', 'C.J. Watson', 'Damjan Rudez', 'Ian Mahinmi', 'Luis Scola']",LaMarcus Aldridge,25.155150890350342,Joel Freeland,6.0,6.556736469268799,False
2015,OKC,MIN,13,"['Anthony Morrow', 'Dion Waiters', 'Nick Collison', 'Reggie Jackson']","['Anthony Bennett', 'Chase Budinger', 'Nikola Pekovic', 'Thaddeus Young', 'Zach LaVine']",Steven Adams,36.22288405895233,Kendrick Perkins,3.0,22.456674575805664,False
2015,NYK,PHI,45,"['Andrea Bargnani', 'Lance Thomas', 'Langston Galloway', 'Shane Larkin']","['Furkan Aldemir', 'Hollis Thompson', 'Ish Smith', 'Nerlens Noel', 'Robert Covington']",Carmelo Anthony,59.84686613082886,Jason Smith,169.0,1.8123740633634875e-17,False
2015,SAS,WAS,32,"['Boris Diaw', 'Danny Green', 'Marco Belinelli', 'Patty Mills']","['Bradley Beal', 'John Wall', 'Kris Humphries', 'Marcin Gortat', 'Paul Pierce']",Tim Duncan,55.67004680633545,Tim Duncan,1.0,55.670047760009766,True
2015,ORL,MEM,21,"['Channing Frye', 'Devyn Marble', 'Nikola Vucevic', 'Victor Oladipo']","['Beno Udrih', 'Courtney Lee', 'Marc Gasol', 'Tony Allen', 'Zach Randolph']",Elfrid Payton,27.814462780952454,Elfrid Payton,1.0,27.814462661743164,True
2015,CLE,LAL,21,"['J.R. Smith', 'Kevin Love', 'Kyrie Irving', 'Timofey Mozgov']","['Jordan Clarkson', 'Robert Sacre', 'Tarik Black', 'Wayne Ellington', 'Wesley Johnson']",LeBron James,77.49382853507996,LeBron James,1.0,77.49382781982422,True
2015,BOS,MEM,46,"['Avery Bradley', 'Brandon Bass', 'Marcus Smart', 'Tyler Zeller']","['Jeff Green', 'Marc Gasol', 'Mike Conley', 'Tony Allen', 'Zach Randolph']",Evan Turner,36.145976185798645,Jae Crowder,4.0,8.801068305969238,False
2015,NYK,PHO,21,"['Carmelo Anthony', 'Jose Calderon', 'Samuel Dalembert', 'Tim Hardaway']","['Alex Len', 'Eric Bledsoe', 'Gerald Green', 'Goran Dragic', 'P.J. Tucker']",Jason Smith,9.245152771472931,Pablo Prigioni,12.0,3.5484089851379395,False
2015,CHI,PHI,44,"['Derrick Rose', 'Jimmy Butler', 'Taj Gibson', 'Tony Snell']","['Hollis Thompson', 'JaKarr Sampson', 'Jason Richardson', 'Jerami Grant', 'Robert Covington']",Arron Afflalo,99.62361454963684,Pau Gasol,34.0,3.007928883332286e-20,False
2015,NYK,BOS,12,"['Lance Thomas', 'Quincy Acy', 'Shane Larkin', 'Tim Hardaway']","['Brandon Bass', 'Jae Crowder', 'James Young', 'Marcus Smart', 'Tyler Zeller']",Jose Calderon,49.30601716041565,Jason Smith,25.0,0.0005414728075265884,False
2015,BOS,MIA,6,"['Avery Bradley', 'Brandon Bass', 'Isaiah Thomas', 'Jae Crowder']","['Henry Walker', 'Luol Deng', 'Mario Chalmers', 'Tyler Johnson', 'Udonis Haslem']",Evan Turner,13.878396153450012,Kelly Olynyk,11.0,3.4281797409057617,False
2015,IND,CHI,10,"['C.J. Watson', 'Ian Mahinmi', 'Luis Scola', 'Solomon Hill']","[""E'Twaun Moore"", 'Kirk Hinrich', 'Mike Dunleavy', 'Nikola Mirotic', 'Pau Gasol']",Rodney Stuckey,26.012015342712402,Rodney Stuckey,1.0,26.01201629638672,True
2015,TOR,NYK,46,"['Amir Johnson', 'Greivis Vasquez', 'Lou Williams', 'Terrence Ross']","['Jason Smith', 'Jose Calderon', 'Shane Larkin', 'Tim Hardaway', 'Travis Wear']",Patrick Patterson,23.69612157344818,Patrick Patterson,1.0,23.696121215820312,True
2015,ATL,IND,8,"['Jeff Teague', 'Kent Bazemore', 'Paul Millsap', 'Pero Antic']","['C.J. Miles', 'Luis Scola', 'Rodney Stuckey', 'Roy Hibbert', 'Solomon Hill']",Kyle Korver,38.17989230155945,DeMarre Carroll,2.0,35.667232513427734,False
2015,ATL,CHO,25,"['Al Horford', 'DeMarre Carroll', 'Jeff Teague', 'Paul Millsap']","['Al Jefferson', 'Cody Zeller', 'Gerald Henderson', 'Kemba Walker', 'Lance Stephenson']",Kyle Korver,47.96314239501953,Kyle Korver,1.0,47.96314239501953,True
2015,GSW,MIA,9,"['Draymond Green', 'Klay Thompson', 'Marreese Speights', 'Stephen Curry']","['Chris Andersen', 'Danny Granger', 'Luol Deng', 'Mario Chalmers', 'Shabazz Napier']",Andre Iguodala,42.59140491485596,Andre Iguodala,1.0,42.59140396118164,True
2015,CHO,MIA,9,"['Brian Roberts', 'Lance Stephenson', 'Marvin Williams', 'Michael Kidd-Gilchrist']","['Danny Granger', 'Mario Chalmers', 'Shabazz Napier', 'Shawne Williams', 'Udonis Haslem']",Bismack Biyombo,31.77746832370758,Al Jefferson,2.0,31.50087547302246,False
2015,BOS,PHI,6,"['Avery Bradley', 'Brandon Bass', 'Marcus Smart', 'Tyler Zeller']","['Hollis Thompson', 'Ish Smith', 'Jason Richardson', 'Luc Mbah a Moute', 'Nerlens Noel']",Evan Turner,33.85365903377533,Evan Turner,1.0,33.853660583496094,True
2015,CLE,DET,30,"['J.R. Smith', 'LeBron James', 'Matthew Dellavedova', 'Timofey Mozgov']","['Andre Drummond', 'Caron Butler', 'Greg Monroe', 'Kentavious Caldwell-Pope', 'Reggie Jackson']",Kevin Love,43.539994955062866,Tristan Thompson,2.0,17.465499877929688,False
2015,MEM,LAC,14,"['Jon Leuer', 'Kosta Koufos', 'Quincy Pondexter', 'Vince Carter']","['Glen Davis', 'Hedo Turkoglu', 'Jamal Crawford', 'Jordan Farmar', 'Spencer Hawes']",Mike Conley,42.212069034576416,Mike Conley,1.0,42.21207046508789,True
2015,SAC,MIL,18,"['Darren Collison', 'DeMarcus Cousins', 'Ramon Sessions', 'Rudy Gay']","['Brandon Knight', 'Giannis Antetokounmpo', 'Jerryd Bayless', 'Kendall Marshall', 'Zaza Pachulia']",Ben McLemore,29.11568284034729,Nik Stauskas,2.0,13.89499568939209,False
2015,POR,OKC,41,"['Damian Lillard', 'Dorell Wright', 'LaMarcus Aldridge', 'Nicolas Batum']","['D.J. Augustin', 'Dion Waiters', 'Kyle Singler', 'Russell Westbrook', 'Serge Ibaka']",Wesley Matthews,34.81263220310211,Arron Afflalo,13.0,2.2861433029174805,False
2015,CHI,MIL,43,"['Aaron Brooks', 'Kirk Hinrich', 'Pau Gasol', 'Taj Gibson']","['Jared Dudley', 'Jerryd Bayless', 'Kendall Marshall', 'O.J. Mayo', 'Zaza Pachulia']",Mike Dunleavy,26.865339279174805,Jimmy Butler,2.0,25.98935317993164,False
2015,CHI,HOU,31,"['Derrick Rose', 'Jimmy Butler', 'Joakim Noah', 'Pau Gasol']","['Dwight Howard', 'James Harden', 'Josh Smith', 'Patrick Beverley', 'Trevor Ariza']",Mike Dunleavy,40.06971716880798,Kirk Hinrich,2.0,22.48897361755371,False
2015,ORL,CHO,42,"['Elfrid Payton', 'Evan Fournier', 'Nikola Vucevic', 'Tobias Harris']","['Gerald Henderson', 'Jason Maxiell', 'Kemba Walker', 'Marvin Williams', 'Michael Kidd-Gilchrist']",Arron Afflalo,97.63976335525513,Victor Oladipo,87.0,4.0936898315635517e-10,False
2015,ORL,WAS,18,"['Ben Gordon', 'Elfrid Payton', 'Tobias Harris', 'Willie Green']","['Andre Miller', 'Kevin Seraphin', 'Nene Hilario', 'Otto Porter', 'Rasual Butler']",Tobias Harris,25.074809789657593,Channing Frye,11.0,3.0038983821868896,False
2015,IND,HOU,45,"['C.J. Miles', 'David West', 'George Hill', 'Roy Hibbert']","['Donatas Motiejunas', 'James Harden', 'Josh Smith', 'Pablo Prigioni', 'Trevor Ariza']",Solomon Hill,40.55437743663788,C.J. Watson,5.0,6.778528690338135,False
2015,PHO,SAC,23,"['Alex Len', 'Goran Dragic', 'Markieff Morris', 'P.J. Tucker']","['DeMarcus Cousins', 'Jason Thompson', 'Nik Stauskas', 'Ramon Sessions', 'Rudy Gay']",Eric Bledsoe,79.14295792579651,Marcus Morris,5.0,1.5846617221832275,False
2015,NOP,CHI,34,"['Quincy Pondexter', 'Ryan Anderson', 'Toney Douglas', 'Tyreke Evans']","['Aaron Brooks', 'Jimmy Butler', 'Pau Gasol', 'Taj Gibson', 'Tony Snell']",Omer Asik,47.20580279827118,Alexis Ajinca,4.0,7.505429744720459,False
2015,CHI,DEN,43,"['Aaron Brooks', 'Derrick Rose', 'Joakim Noah', 'Taj Gibson']","['Arron Afflalo', 'Kenneth Faried', 'Timofey Mozgov', 'Ty Lawson', 'Wilson Chandler']",Jimmy Butler,19.2961186170578,Kirk Hinrich,4.0,8.674514770507812,False
2015,NOP,NYK,0,"['Anthony Davis', 'Jrue Holiday', 'Luke Babbitt', 'Tyreke Evans']","[""Amar'e Stoudemire"", 'Carmelo Anthony', 'Iman Shumpert', 'Jose Calderon', 'Quincy Acy']",Omer Asik,70.36771178245544,Omer Asik,1.0,70.36771392822266,True
2015,SAS,DEN,15,"['Danny Green', 'Marco Belinelli', 'Matt Bonner', 'Tiago Splitter']","['Darrell Arthur', 'Gary Harris', 'J.J. Hickson', 'Jameer Nelson', 'Will Barton']",Tony Parker,75.88538527488708,Patty Mills,5.0,0.5884690284729004,False
2015,MEM,DET,39,"['Beno Udrih', 'Courtney Lee', 'Kosta Koufos', 'Zach Randolph']","['Andre Drummond', 'Brandon Jennings', 'D.J. Augustin', 'Jonas Jerebko', 'Kyle Singler']",Marc Gasol,21.76174968481064,Vince Carter,2.0,13.197662353515625,False
2015,UTA,MIN,18,"['Dante Exum', 'Enes Kanter', 'Joe Ingles', 'Trey Burke']","['Andrew Wiggins', 'Gorgui Dieng', 'Mo Williams', 'Thaddeus Young', 'Troy Daniels']",Derrick Favors,91.35058522224426,Derrick Favors,1.0,91.3505859375,True
2015,MIN,ATL,42,"['Andrew Wiggins', 'Kevin Martin', 'Ricky Rubio', 'Thaddeus Young']","['DeMarre Carroll', 'Dennis Schroder', 'Elton Brand', 'Jeff Teague', 'Paul Millsap']",Gorgui Dieng,46.49735391139984,Nikola Pekovic,2.0,27.884695053100586,False
2015,WAS,SAC,13,"['Drew Gooden', 'Otto Porter', 'Ramon Sessions', 'Rasual Butler']","['Andre Miller', 'Derrick Williams', 'Jason Thompson', 'Nik Stauskas', 'Reggie Evans']",Marcin Gortat,17.269302904605865,Kevin Seraphin,5.0,7.2897868156433105,False
2015,DEN,NYK,12,"['Darrell Arthur', 'J.J. Hickson', 'Jameer Nelson', 'Will Barton']","['Cleanthony Early', 'Cole Aldrich', 'Lance Thomas', 'Lou Amundson', 'Shane Larkin']",Wilson Chandler,31.30817711353302,Gary Harris,12.0,1.6134090423583984,False
2015,MIL,NOP,16,"['Chris Johnson', 'Jared Dudley', 'Jerryd Bayless', 'John Henson']","['Alexis Ajinca', 'Dante Cunningham', 'Elliot Williams', 'Luke Babbitt', 'Norris Cole']",Giannis Antetokounmpo,16.37093275785446,Tyler Ennis,7.0,4.5300517082214355,False
2015,IND,NYK,25,"['C.J. Watson', 'David West', 'Rodney Stuckey', 'Solomon Hill']","['Carmelo Anthony', 'Jason Smith', 'Jose Calderon', 'Langston Galloway', 'Lou Amundson']",Ian Mahinmi,40.16610085964203,Roy Hibbert,2.0,33.01354217529297,False
2015,HOU,ORL,15,"['Corey Brewer', 'Donatas Motiejunas', 'Pablo Prigioni', 'Trevor Ariza']","['Ben Gordon', 'Channing Frye', ""Kyle O'Quinn"", 'Luke Ridnour', 'Maurice Harkless']",Trevor Ariza,88.02454471588135,Josh Smith,71.0,1.1014457186320215e-06,False
2015,UTA,PHI,31,"['Derrick Favors', 'Joe Ingles', 'Trevor Booker', 'Trey Burke']","['JaKarr Sampson', 'Jerami Grant', 'K.J. McDaniels', 'Michael Carter-Williams', 'Nerlens Noel']",Gordon Hayward,32.081472873687744,Gordon Hayward,1.0,32.08147430419922,True
2015,WAS,OKC,34,"['John Wall', 'Kris Humphries', 'Paul Pierce', 'Rasual Butler']","['Anthony Morrow', 'Dion Waiters', 'Kendrick Perkins', 'Nick Collison', 'Russell Westbrook']",Rasual Butler,21.14383429288864,Marcin Gortat,2.0,19.465505599975586,False
2015,WAS,SAS,32,"['John Wall', 'Kris Humphries', 'Marcin Gortat', 'Paul Pierce']","['Cory Joseph', 'Danny Green', 'Manu Ginobili', 'Tiago Splitter', 'Tim Duncan']",Andre Miller,90.3019905090332,Rasual Butler,14.0,0.00010232076601823792,False
2015,GSW,LAL,38,"['Andre Iguodala', 'Harrison Barnes', 'Leandro Barbosa', 'Shaun Livingston']","['Ed Davis', 'Jeremy Lin', 'Jordan Clarkson', 'Ronnie Price', 'Wayne Ellington']",Andrew Bogut,24.644997715950012,Draymond Green,2.0,16.403419494628906,False
2015,SAC,DEN,13,"['Carl Landry', 'DeMarcus Cousins', 'Nik Stauskas', 'Ray McCallum']","['Alonzo Gee', 'Darrell Arthur', 'Gary Harris', 'J.J. Hickson', 'Nate Robinson']",Derrick Williams,41.1359965801239,Derrick Williams,1.0,41.1359977722168,True
2015,TOR,NYK,36,"['Greivis Vasquez', 'Lou Williams', 'Patrick Patterson', 'Terrence Ross']","['Carmelo Anthony', 'Cole Aldrich', 'Shane Larkin', 'Tim Hardaway', 'Travis Wear']",Jonas Valanciunas,29.786860942840576,Tyler Hansbrough,3.0,25.370084762573242,False
2015,NYK,CHO,8,"['Jason Smith', 'Jose Calderon', 'Quincy Acy', 'Travis Wear']","['Bismack Biyombo', 'Gerald Henderson', 'Kemba Walker', 'Marvin Williams', 'Michael Kidd-Gilchrist']",Jose Calderon,32.87173509597778,Tim Hardaway,267.0,0.00011762986105168238,False
2015,PHI,UTA,46,"['Hollis Thompson', 'Isaiah Canaan', 'Luc Mbah a Moute', 'Nerlens Noel']","['Derrick Favors', 'Gordon Hayward', 'Rodney Hood', 'Rudy Gobert', 'Trey Burke']",Nerlens Noel,15.866290032863617,Ish Smith,12.0,2.805196762084961,False
2015,PHI,GSW,41,"['JaKarr Sampson', 'Luc Mbah a Moute', 'Robert Covington', 'Tim Frazier']","['Andre Iguodala', 'David Lee', 'Leandro Barbosa', 'Marreese Speights', 'Shaun Livingston']",Henry Sims,27.871686220169067,Nerlens Noel,2.0,20.030385971069336,False
2015,SAC,MIN,13,"['Derrick Williams', 'Jason Thompson', 'Nik Stauskas', 'Rudy Gay']","['Chase Budinger', 'Justin Hamilton', 'Kevin Martin', 'Lorenzo Brown', 'Robbie Hummel']",Darren Collison,31.31279945373535,Andre Miller,2.0,13.503572463989258,False
2015,WAS,CLE,47,"['Bradley Beal', 'John Wall', 'Kevin Seraphin', 'Paul Pierce']","['Dion Waiters', 'Kevin Love', 'Kyrie Irving', 'LeBron James', 'Tristan Thompson']",Kris Humphries,27.826106548309326,Nene Hilario,2.0,25.528961181640625,False
2015,MIL,ORL,0,"['Ersan Ilyasova', 'Giannis Antetokounmpo', 'Michael Carter-Williams', 'Zaza Pachulia']","['Dewayne Dedmon', 'Elfrid Payton', 'Nikola Vucevic', 'Tobias Harris', 'Victor Oladipo']",Ersan Ilyasova,15.244042873382568,Khris Middleton,2.0,14.724716186523438,False
2015,BRK,MIA,8,"['Bojan Bogdanovic', 'Deron Williams', 'Jerome Jordan', 'Mason Plumlee']","['Chris Andersen', 'Chris Bosh', 'Danny Granger', 'James Ennis', 'Norris Cole']",Joe Johnson,22.52376079559326,Joe Johnson,1.0,22.523761749267578,True
2015,WAS,ATL,34,"['Drew Gooden', 'John Wall', 'Marcin Gortat', 'Otto Porter']","['Jeff Teague', 'Mike Scott', 'Pero Antic', 'Shelvin Mack', 'Thabo Sefolosha']",Bradley Beal,51.59136652946472,Bradley Beal,1.0,51.591365814208984,True
2015,ORL,CHI,44,"['Channing Frye', 'Elfrid Payton', 'Nikola Vucevic', 'Tobias Harris']","['Derrick Rose', 'Jimmy Butler', 'Joakim Noah', 'Pau Gasol', 'Tony Snell']",Arron Afflalo,87.76095509529114,Victor Oladipo,5.0,1.2408092021942139,False
2015,DET,OKC,46,"['Brandon Jennings', 'Josh Smith', 'Kentavious Caldwell-Pope', 'Kyle Singler']","['Kevin Durant', 'Reggie Jackson', 'Russell Westbrook', 'Serge Ibaka', 'Steven Adams']",Andre Drummond,49.5602160692215,Andre Drummond,1.0,49.56021499633789,True
2015,HOU,SAC,37,"['Donatas Motiejunas', 'Francisco Garcia', 'Jason Terry', 'Trevor Ariza']","['Carl Landry', 'Jason Thompson', 'Nik Stauskas', 'Omri Casspi', 'Ray McCallum']",Patrick Beverley,19.697847962379456,Kostas Papanikolaou,8.0,6.6198577880859375,False
2015,CHO,SAC,10,"['Bismack Biyombo', 'Jason Maxiell', 'Kemba Walker', 'Mo Williams']","['Andre Miller', 'Derrick Williams', 'Jason Thompson', 'Omri Casspi', 'Rudy Gay']",Michael Kidd-Gilchrist,9.871432930231094,Michael Kidd-Gilchrist,1.0,9.87143325805664,True
2015,TOR,GSW,37,"['DeMar DeRozan', 'Greivis Vasquez', 'Jonas Valanciunas', 'Terrence Ross']","['David Lee', 'Justin Holiday', 'Leandro Barbosa', 'Marreese Speights', 'Shaun Livingston']",Greivis Vasquez,26.080745458602905,Patrick Patterson,9.0,1.6696596145629883,False
2015,CHO,MIA,7,"['Al Jefferson', 'Kemba Walker', 'Lance Stephenson', 'P.J. Hairston']","['Dwyane Wade', 'Justin Hamilton', 'Luol Deng', 'Norris Cole', 'Shawne Williams']",Marvin Williams,50.793445110321045,Marvin Williams,1.0,50.7934455871582,True
2015,DAL,LAC,10,"['Charlie Villanueva', 'Devin Harris', 'J.J. Barea', 'Richard Jefferson']","['Austin Rivers', 'Chris Paul', 'DeAndre Jordan', 'Jamal Crawford', 'Matt Barnes']",Al-Farouq Aminu,10.571752488613129,Chandler Parsons,3.0,9.948198318481445,False
2015,NYK,MIL,0,"['Cole Aldrich', 'J.R. Smith', 'Jose Calderon', 'Quincy Acy']","['Brandon Knight', 'Giannis Antetokounmpo', ""Johnny O'Bryant"", 'Khris Middleton', 'Zaza Pachulia']",Jason Smith,11.683477461338043,Tim Hardaway,8.0,5.041372776031494,False
2015,POR,UTA,36,"['Allen Crabbe', 'Damian Lillard', 'Joel Freeland', 'Steve Blake']","['Bryce Cotton', 'Chris Johnson', 'Elijah Millsap', 'Rudy Gobert', 'Trevor Booker']",LaMarcus Aldridge,35.515645146369934,Nicolas Batum,4.0,8.011197090148926,False
2015,BOS,DEN,20,"['Avery Bradley', 'Evan Turner', 'Jared Sullinger', 'Marcus Smart']","['Arron Afflalo', 'Danilo Gallinari', 'Darrell Arthur', 'Erick Green', 'Jusuf Nurkic']",Jared Sullinger,20.392422378063202,James Young,15.0,0.3748013973236084,False
2015,MEM,HOU,33,"['Beno Udrih', 'Courtney Lee', 'Jon Leuer', 'Marc Gasol']","['Donatas Motiejunas', 'Dwight Howard', 'James Harden', 'Jason Terry', 'Trevor Ariza']",Tony Allen,18.832291662693024,Tony Allen,1.0,18.832292556762695,True
2015,GSW,DAL,44,"['Andre Iguodala', 'Andrew Bogut', 'Draymond Green', 'Stephen Curry']","['Chandler Parsons', 'Devin Harris', 'Dirk Nowitzki', 'Monta Ellis', 'Tyson Chandler']",Klay Thompson,59.93630290031433,Klay Thompson,1.0,59.936302185058594,True
2015,LAL,TOR,43,"['Carlos Boozer', 'Jordan Hill', 'Kobe Bryant', 'Nick Young']","['Jonas Valanciunas', 'Kyle Lowry', 'Lou Williams', 'Patrick Patterson', 'Terrence Ross']",Jeremy Lin,14.650152623653412,Jeremy Lin,1.0,14.650152206420898,True
2015,LAL,DAL,21,"['Jordan Clarkson', 'Tarik Black', 'Wayne Ellington', 'Wesley Johnson']","['Al-Farouq Aminu', 'Chandler Parsons', 'Monta Ellis', 'Rajon Rondo', 'Tyson Chandler']",Jordan Hill,31.971779465675354,Jordan Hill,1.0,31.971778869628906,True
2015,MIL,ATL,22,"['Brandon Knight', 'Giannis Antetokounmpo', 'O.J. Mayo', 'Zaza Pachulia']","['Al Horford', 'DeMarre Carroll', 'Jeff Teague', 'Kyle Korver', 'Paul Millsap']",Giannis Antetokounmpo,17.385639250278473,Khris Middleton,2.0,13.650248527526855,False
2015,NOP,GSW,37,"['Dante Cunningham', 'Jeff Withey', 'John Salmons', 'Jrue Holiday']","['Andre Iguodala', 'Draymond Green', 'Harrison Barnes', 'Klay Thompson', 'Shaun Livingston']",Tyreke Evans,26.662704348564148,Austin Rivers,3.0,6.876973628997803,False
2015,ATL,TOR,40,"['Al Horford', 'DeMarre Carroll', 'Jeff Teague', 'Kyle Korver']","['Chuck Hayes', 'Greivis Vasquez', 'James Johnson', 'Lou Williams', 'Patrick Patterson']",Paul Millsap,41.46600961685181,Paul Millsap,1.0,41.46601104736328,True
2015,CLE,DET,45,"['Iman Shumpert', 'Kendrick Perkins', 'Matthew Dellavedova', 'Mike Miller']","['Andre Drummond', 'Jodie Meeks', 'Kentavious Caldwell-Pope', 'Reggie Jackson', 'Shawne Williams']",Tristan Thompson,14.394861459732056,James Jones,7.0,3.577415943145752,False
2015,MIA,PHO,40,"['Chris Andersen', 'Mario Chalmers', 'Michael Beasley', 'Tyler Johnson']","['Brandon Knight', 'Gerald Green', 'Marcus Morris', 'P.J. Tucker', 'T.J. Warren']",Chris Andersen,10.38261279463768,Luol Deng,12.0,4.048126220703125,False
2015,ATL,DAL,35,"['Dennis Schroder', 'Kent Bazemore', 'Kyle Korver', 'Pero Antic']","['Al-Farouq Aminu', 'Charlie Villanueva', 'Devin Harris', 'Dirk Nowitzki', 'Monta Ellis']",Josh Smith,49.7390478849411,Al Horford,2.0,45.10839080810547,False
2015,GSW,PHO,17,"['Andrew Bogut', 'Draymond Green', 'Harrison Barnes', 'Klay Thompson']","['Brandan Wright', 'Gerald Green', 'Goran Dragic', 'Isaiah Thomas', 'Marcus Morris']",Stephen Curry,96.79785966873169,Stephen Curry,1.0,96.79785919189453,True
2015,MEM,DEN,20,"['Jeff Green', 'Marc Gasol', 'Nick Calathes', 'Zach Randolph']","['Jameer Nelson', 'Jusuf Nurkic', 'Kenneth Faried', 'Ty Lawson', 'Wilson Chandler']",Nick Calathes,19.15707290172577,Tony Allen,5.0,11.035128593444824,False
2015,ATL,WAS,36,"['Al Horford', 'DeMarre Carroll', 'Dennis Schroder', 'Pero Antic']","['Garrett Temple', 'John Wall', 'Kris Humphries', 'Marcin Gortat', 'Otto Porter']",Kyle Korver,41.03488028049469,Kent Bazemore,4.0,7.932297229766846,False
2015,SAS,CHI,35,"['Aron Baynes', 'Kawhi Leonard', 'Manu Ginobili', 'Patty Mills']","[""E'Twaun Moore"", 'Kirk Hinrich', 'Mike Dunleavy', 'Nazr Mohammed', 'Pau Gasol']",Boris Diaw,36.58033013343811,Tim Duncan,10.0,3.0640146732330322,False
2015,MEM,DEN,28,"['Beno Udrih', 'Courtney Lee', 'Jeff Green', 'Zach Randolph']","['Arron Afflalo', 'JaVale McGee', 'Kenneth Faried', 'Ty Lawson', 'Wilson Chandler']",Marc Gasol,91.74261689186096,Marc Gasol,1.0,91.74261474609375,True
2015,GSW,SAC,35,"['Andre Iguodala', 'David Lee', 'Klay Thompson', 'Shaun Livingston']","['Ben McLemore', 'Derrick Williams', 'Jason Thompson', 'Omri Casspi', 'Ray McCallum']",Andrew Bogut,29.907914996147156,Harrison Barnes,3.0,12.42188549041748,False
2015,DEN,DET,8,"['Arron Afflalo', 'Danilo Gallinari', 'Jusuf Nurkic', 'Kenneth Faried']","['Andre Drummond', 'Brandon Jennings', 'Caron Butler', 'Josh Smith', 'Kentavious Caldwell-Pope']",Ty Lawson,91.0714328289032,Ty Lawson,1.0,91.0714340209961,True
2015,HOU,DET,29,"['James Harden', 'Joey Dorsey', 'Terrence Jones', 'Trevor Ariza']","['Andre Drummond', 'Greg Monroe', 'Kentavious Caldwell-Pope', 'Reggie Jackson', 'Tayshaun Prince']",Patrick Beverley,16.238276660442352,Patrick Beverley,1.0,16.238277435302734,True
2015,DEN,MEM,18,"['Arron Afflalo', 'Jusuf Nurkic', 'Kenneth Faried', 'Nate Robinson']","['Jarnell Stokes', 'Kosta Koufos', 'Nick Calathes', 'Tayshaun Prince', 'Vince Carter']",Wilson Chandler,19.594888389110565,Wilson Chandler,1.0,19.59488868713379,True
2015,DAL,PHO,43,"['Charlie Villanueva', 'Monta Ellis', 'Rajon Rondo', 'Richard Jefferson']","['Brandan Wright', 'Eric Bledsoe', 'Gerald Green', 'Marcus Morris', 'P.J. Tucker']",J.J. Barea,12.508721649646759,Tyson Chandler,5.0,8.96773910522461,False
2016,ORL,DET,47,"['Aaron Gordon', 'Evan Fournier', 'Nikola Vucevic', 'Victor Oladipo']","['Aron Baynes', 'Kentavious Caldwell-Pope', 'Reggie Bullock', 'Reggie Jackson', 'Tobias Harris']",Rashard Lewis,28.16382348537445,Elfrid Payton,136.0,0.0010734567185863853,False
2016,PHI,CLE,46,"['Christian Wood', 'Hollis Thompson', 'Jerami Grant', 'Richaun Holmes']","['James Jones', 'Jared Cunningham', 'Joe Harris', 'Matthew Dellavedova', 'Tristan Thompson']",Rodney Carney,12.094274163246155,T.J. McConnell,657.0,1.1791865262011925e-07,False
2016,SAS,MEM,19,"['Kevin Martin', 'Kyle Anderson', 'LaMarcus Aldridge', 'Tim Duncan']","['Chris Andersen', 'JaMychal Green', 'Jordan Farmar', 'Lance Stephenson', 'Xavier Munford']",Manu Ginobili,12.76879608631134,Tony Parker,2.0,10.397956848144531,False
2016,DET,CHO,19,"['Kentavious Caldwell-Pope', 'Reggie Jackson', 'Stanley Johnson', 'Tobias Harris']","['Cody Zeller', 'Courtney Lee', 'Jeremy Lin', 'Kemba Walker', 'Marvin Williams']",Rodney Stuckey,11.560051888227463,Aron Baynes,446.0,2.548254997236654e-05,False
2016,POR,MIN,32,"['Al-Farouq Aminu', 'Damian Lillard', 'Ed Davis', 'Meyers Leonard']","['Andrew Wiggins', 'Gorgui Dieng', 'Karl-Anthony Towns', 'Ricky Rubio', 'Shabazz Muhammad']",Brandon Roy,3.6716844886541367,Allen Crabbe,292.0,0.018133943900465965,False
2016,OKC,MIN,46,"['Anthony Morrow', 'Russell Westbrook', 'Serge Ibaka', 'Steven Adams']","['Andrew Wiggins', 'Gorgui Dieng', 'Karl-Anthony Towns', 'Ricky Rubio', 'Zach LaVine']",Kevin Durant,67.67613291740417,Kevin Durant,1.0,67.67613220214844,True
2016,PHO,ORL,33,"['Alex Len', 'Brandon Knight', 'Mirza Teletovic', 'Ronnie Price']","['Aaron Gordon', 'Andrew Nicholson', 'Mario Hezonja', 'Shabazz Napier', 'Victor Oladipo']",Steve Nash,99.27288293838501,Devin Booker,442.0,1.6327477703480116e-36,False
2016,BRK,CHO,37,"['Bojan Bogdanovic', 'Chris McCullough', 'Markel Brown', 'Shane Larkin']","['Al Jefferson', 'Frank Kaminsky', 'Jeremy Lamb', 'Jeremy Lin', 'Kemba Walker']",Kevin Garnett,10.457226634025574,Thomas Robinson,936.0,2.791256115131091e-09,False
2016,MIN,PHO,14,"['Greg Smith', 'Nemanja Bjelica', 'Tayshaun Prince', 'Tyus Jones']","['Alan Williams', 'Chase Budinger', 'Devin Booker', 'Jon Leuer', 'Ronnie Price']",Luke Ridnour,52.69308090209961,Shabazz Muhammad,421.0,2.7463205320987782e-12,False
2016,PHI,POR,25,"['Isaiah Canaan', 'Ish Smith', 'JaKarr Sampson', 'Jahlil Okafor']","['Al-Farouq Aminu', 'CJ McCollum', 'Damian Lillard', 'Mason Plumlee', 'Noah Vonleh']",Shane Battier,3.8694538176059723,Nerlens Noel,640.0,0.00039999658474698663,False
2016,NOP,LAC,13,"['Alonzo Gee', 'Anthony Davis', 'Jrue Holiday', 'Ryan Anderson']","['Austin Rivers', 'Cole Aldrich', 'Jamal Crawford', 'Pablo Prigioni', 'Wesley Johnson']",Jrue Holiday,16.046352684497833,Norris Cole,13.0,1.766669511795044,False
2016,WAS,POR,13,"['Bradley Beal', 'Gary Neal', 'Jared Dudley', 'Ramon Sessions']","['Allen Crabbe', 'CJ McCollum', 'Ed Davis', 'Gerald Henderson', 'Meyers Leonard']",Kevin Seraphin,25.088930130004883,Nene Hilario,3.0,14.309199333190918,False
2016,PHO,LAL,0,"['Brandon Knight', 'Eric Bledsoe', 'Jon Leuer', 'Tyson Chandler']","[""D'Angelo Russell"", 'Jordan Clarkson', 'Julius Randle', 'Metta World Peace', 'Roy Hibbert']",Jason Richardson,84.94625091552734,P.J. Tucker,107.0,3.1842790123443043e-12,False
2016,GSW,PHO,32,"['Andre Iguodala', 'Andrew Bogut', 'Draymond Green', 'Stephen Curry']","['Alex Len', 'Devin Booker', 'Mirza Teletovic', 'Ronnie Price', 'T.J. Warren']",Monta Ellis,29.697832465171814,Klay Thompson,3.0,7.342430114746094,False
2016,IND,MIL,46,"['George Hill', 'Monta Ellis', 'Paul George', 'Solomon Hill']","['Giannis Antetokounmpo', 'Jerryd Bayless', 'Khris Middleton', 'Michael Carter-Williams', 'O.J. Mayo']",Jeff Foster,9.952568262815475,C.J. Miles,99.0,0.023566095158457756,False
2016,SAS,OKC,42,"['Danny Green', 'David West', 'Kawhi Leonard', 'Patty Mills']","['Andre Roberson', 'Enes Kanter', 'Kevin Durant', 'Russell Westbrook', 'Serge Ibaka']",Tim Duncan,57.7750563621521,LaMarcus Aldridge,220.0,4.498546957165672e-07,False
2016,DAL,MIN,19,"['Deron Williams', 'J.J. Barea', 'Wesley Matthews', 'Zaza Pachulia']","['Karl-Anthony Towns', 'Kevin Martin', 'Nemanja Bjelica', 'Ricky Rubio', 'Shabazz Muhammad']",Dirk Nowitzki,7.087832689285278,Charlie Villanueva,322.0,0.0015708539867773652,False
2016,GSW,BRK,46,"['Andre Iguodala', 'Draymond Green', 'Shaun Livingston', 'Stephen Curry']","['Bojan Bogdanovic', 'Brook Lopez', 'Jarrett Jack', 'Joe Johnson', 'Thaddeus Young']",Andris Biedrins,4.320773109793663,Andrew Bogut,39.0,0.6889939904212952,False
2016,IND,NOP,0,"['George Hill', 'Monta Ellis', 'Myles Turner', 'Paul George']","['Alexis Ajinca', 'Alonzo Gee', 'Dante Cunningham', 'Omer Asik', 'Toney Douglas']",Allen Iverson,57.621896266937256,Ian Mahinmi,370.0,2.7467771903889584e-34,False
2016,SAS,BRK,37,"['Danny Green', 'Kawhi Leonard', 'Patty Mills', 'Tim Duncan']","['Andrea Bargnani', 'Brook Lopez', 'Jarrett Jack', 'Joe Johnson', 'Rondae Hollis-Jefferson']",Matt Bonner,13.081830739974976,Boris Diaw,15.0,2.5273895263671875,False
2016,WAS,HOU,36,"['DeJuan Blair', 'Garrett Temple', 'Gary Neal', 'Ramon Sessions']","['Dwight Howard', 'James Harden', 'Jason Terry', 'Patrick Beverley', 'Ty Lawson']",Nick Young,27.240103483200073,Bradley Beal,40.0,0.04955679178237915,False
2016,SAC,WAS,40,"['Ben McLemore', 'Darren Collison', 'Omri Casspi', 'Willie Cauley-Stein']","['Bradley Beal', 'Garrett Temple', 'Jared Dudley', 'John Wall', 'Marcin Gortat']",DeMarcus Cousins,18.724238872528076,Kosta Koufos,31.0,0.25229722261428833,False
2016,UTA,DEN,42,"['Derrick Favors', 'Gordon Hayward', 'Rodney Hood', 'Trevor Booker']","['Danilo Gallinari', 'Gary Harris', 'Jameer Nelson', 'Joffrey Lauvergne', 'Kenneth Faried']",Paul Millsap,30.04637062549591,Joe Ingles,246.0,7.750558950192499e-08,False
2016,POR,MEM,32,"['Al-Farouq Aminu', 'Allen Crabbe', 'Ed Davis', 'Maurice Harkless']","['Courtney Lee', 'Jeff Green', 'Marc Gasol', 'Matt Barnes', 'Mike Conley']",Nicolas Batum,65.4054582118988,Damian Lillard,18.0,0.03182600066065788,False
2016,TOR,MIN,7,"['DeMar DeRozan', 'Kyle Lowry', 'Patrick Patterson', 'Terrence Ross']","['Gorgui Dieng', 'Karl-Anthony Towns', 'Ricky Rubio', 'Shabazz Muhammad', 'Zach LaVine']",Andrea Bargnani,9.53163206577301,Jonas Valanciunas,45.0,0.41182050108909607,False
2016,GSW,OKC,36,"['Andre Iguodala', 'Andrew Bogut', 'Harrison Barnes', 'Stephen Curry']","['Anthony Morrow', 'Cameron Payne', 'Enes Kanter', 'Kevin Durant', 'Kyle Singler']",Stephen Jackson,6.247280910611153,Leandro Barbosa,47.0,0.47370460629463196,False
2016,CHI,SAS,15,"['Derrick Rose', 'Doug McDermott', 'Taj Gibson', 'Tony Snell']","['Boris Diaw', 'David West', 'Kyle Anderson', 'Manu Ginobili', 'Patty Mills']",Taj Gibson,30.937612056732178,Joakim Noah,2.0,27.674793243408203,False
2016,LAC,POR,15,"['Austin Rivers', 'Jamal Crawford', 'Lance Stephenson', 'Paul Pierce']","['Al-Farouq Aminu', 'Allen Crabbe', 'CJ McCollum', 'Mason Plumlee', 'Maurice Harkless']",Craig Smith,99.16324019432068,Josh Smith,187.0,2.0426932714756596e-12,False
2016,BRK,LAL,11,"['Andrea Bargnani', 'Bojan Bogdanovic', 'Thomas Robinson', 'Wayne Ellington']","['Larry Nance', 'Lou Williams', 'Metta World Peace', 'Nick Young', 'Tarik Black']",Deron Williams,23.166806995868683,Jarrett Jack,3.0,9.682890892028809,False
2016,LAC,GSW,25,"['Chris Paul', 'DeAndre Jordan', 'J.J. Redick', 'Luc Mbah a Moute']","['Brandon Rush', 'Draymond Green', 'Harrison Barnes', 'Klay Thompson', 'Stephen Curry']",Rasual Butler,11.375567317008972,Paul Pierce,130.0,0.0016662306152284145,False
2016,MIN,PHO,7,"['Andrew Wiggins', 'Karl-Anthony Towns', 'Nemanja Bjelica', 'Shabazz Muhammad']","['Brandon Knight', 'Devin Booker', 'Markieff Morris', 'T.J. Warren', 'Tyson Chandler']",Nikola Pekovic,18.511538207530975,Ricky Rubio,13.0,1.667439579963684,False
2016,ORL,MEM,25,"['Aaron Gordon', 'Dewayne Dedmon', 'Evan Fournier', 'Victor Oladipo']","['Chris Andersen', 'Jordan Farmar', 'Matt Barnes', 'Tony Allen', 'Zach Randolph']",Hedo Turkoglu,9.51468050479889,Elfrid Payton,37.0,0.5409742593765259,False
2016,MIA,CLE,38,"['Goran Dragic', 'Hassan Whiteside', 'Josh Richardson', 'Justise Winslow']","['James Jones', 'Jordan McRae', 'Matthew Dellavedova', 'Richard Jefferson', 'Timofey Mozgov']",LeBron James,94.0326452255249,Gerald Green,428.0,6.148425085034104e-12,False
2016,BRK,CHO,42,"['Bojan Bogdanovic', 'Brook Lopez', 'Joe Johnson', 'Thaddeus Young']","['Al Jefferson', 'Courtney Lee', 'Jeremy Lin', 'Marvin Williams', 'Nicolas Batum']",Jarrett Jack,50.24910569190979,Shane Larkin,471.0,3.754505725956682e-15,False
2016,DAL,PHI,20,"['Chandler Parsons', 'Deron Williams', 'Wesley Matthews', 'Zaza Pachulia']","['Isaiah Canaan', 'Ish Smith', 'Jahlil Okafor', 'Jerami Grant', 'Nik Stauskas']",Jason Terry,7.2222113609313965,J.J. Barea,3.0,4.296010971069336,False
2016,OKC,LAL,33,"['Kevin Durant', 'Nick Collison', 'Russell Westbrook', 'Steven Adams']","[""D'Angelo Russell"", 'Jordan Clarkson', 'Julius Randle', 'Nick Young', 'Roy Hibbert']",Thabo Sefolosha,83.44695568084717,Dion Waiters,252.0,1.6687769222034632e-10,False
2016,LAL,HOU,35,"['Brandon Bass', ""D'Angelo Russell"", 'Kobe Bryant', 'Ryan Kelly']","['Clint Capela', 'Corey Brewer', 'Marcus Thornton', 'Montrezl Harrell', 'Ty Lawson']",Kobe Bryant,47.826313972473145,Jordan Clarkson,131.0,0.0005072983913123608,False
2016,TOR,IND,4,"['Cory Joseph', 'James Johnson', 'Jason Thompson', 'Norman Powell']","['George Hill', 'Lavoy Allen', 'Monta Ellis', 'Myles Turner', 'Paul George']",Jose Calderon,12.826637923717499,Jonas Valanciunas,106.0,0.04867878183722496,False
2016,PHO,TOR,25,"['Archie Goodwin', 'Devin Booker', 'Markieff Morris', 'Tyson Chandler']","['DeMar DeRozan', 'Jonas Valanciunas', 'Kyle Lowry', 'Luis Scola', 'Norman Powell']",Steve Nash,36.02444529533386,P.J. Tucker,288.0,4.6213981477194466e-06,False
2016,LAL,OKC,39,"['Brandon Bass', 'Julius Randle', 'Lou Williams', 'Marcelo Huertas']","['Anthony Morrow', 'Cameron Payne', 'Dion Waiters', 'Enes Kanter', 'Nick Collison']",Jordan Farmar,44.448599219322205,Anthony Brown,,,False
2016,CLE,SAS,41,"['Iman Shumpert', 'Kyrie Irving', 'Matthew Dellavedova', 'Richard Jefferson']","['Danny Green', 'Jonathon Simmons', 'Kyle Anderson', 'LaMarcus Aldridge', 'Patty Mills']",Anderson Varejao,23.773127794265747,Tristan Thompson,41.0,0.09491586685180664,False
2016,POR,OKC,8,"['Allen Crabbe', 'Gerald Henderson', 'Mason Plumlee', 'Maurice Harkless']","['Cameron Payne', 'Dion Waiters', 'Enes Kanter', 'Kyle Singler', 'Randy Foye']",Andre Miller,99.45291876792908,Damian Lillard,39.0,4.292293631635857e-09,False
2016,NYK,PHI,33,"['Carmelo Anthony', 'Jose Calderon', 'Kristaps Porzingis', 'Sasha Vujacic']","['Hollis Thompson', 'Isaiah Canaan', 'Ish Smith', 'Jerami Grant', 'Nerlens Noel']",Jared Jeffries,2.866974286735058,Derrick Williams,355.0,0.012502273544669151,False
2016,NOP,DEN,21,"['Dante Cunningham', 'James Ennis', 'Tim Frazier', 'Toney Douglas']","['D.J. Augustin', 'Darrell Arthur', 'Gary Harris', 'Nikola Jokic', 'Will Barton']",Andre Iguodala,4.546928033232689,Kendrick Perkins,298.0,0.009805009700357914,False
2016,PHI,IND,18,"['Isaiah Canaan', 'Ish Smith', 'Jerami Grant', 'Robert Covington']","['C.J. Miles', 'Myles Turner', 'Rodney Stuckey', 'Solomon Hill', 'Ty Lawson']",Thaddeus Young,15.438520908355713,Carl Landry,509.0,8.957708246271068e-07,False
2016,MIN,SAC,23,"['Andrew Wiggins', 'Gorgui Dieng', 'Karl-Anthony Towns', 'Zach LaVine']","['Darren Collison', 'Kosta Koufos', 'Rajon Rondo', 'Rudy Gay', 'Willie Cauley-Stein']",Luke Ridnour,11.888869851827621,Tyus Jones,660.0,1.3644692486991516e-08,False
2016,MIL,CHI,13,"['Jabari Parker', 'John Henson', 'O.J. Mayo', 'Rashad Vaughn']","['Bobby Portis', 'Doug McDermott', 'Joakim Noah', 'Kirk Hinrich', 'Tony Snell']",Carlos Delfino,16.88120663166046,Greg Monroe,91.0,0.024557169526815414,False
2016,OKC,PHO,0,"['Andre Roberson', 'Russell Westbrook', 'Serge Ibaka', 'Steven Adams']","['Brandon Knight', 'Eric Bledsoe', 'Markieff Morris', 'P.J. Tucker', 'Tyson Chandler']",Kevin Durant,65.41147232055664,Kevin Durant,1.0,65.41146850585938,True
2016,MIA,CHI,31,"[""Amar'e Stoudemire"", 'Goran Dragic', 'Josh Richardson', 'Justise Winslow']","['Bobby Portis', 'Derrick Rose', 'Doug McDermott', 'Pau Gasol', 'Tony Snell']",Michael Beasley,20.338498055934906,Joe Johnson,113.0,0.008478136733174324,False
2016,HOU,ATL,0,"['Clint Capela', 'James Harden', 'Patrick Beverley', 'Trevor Ariza']","['Al Horford', 'Jeff Teague', 'Kent Bazemore', 'Kyle Korver', 'Paul Millsap']",Chuck Hayes,16.389724612236023,Dwight Howard,30.0,0.3239342272281647,False
2016,UTA,LAC,34,"['Gordon Hayward', 'Raul Neto', 'Rodney Hood', 'Trey Lyles']","['C.J. Wilcox', 'Cole Aldrich', 'Jeff Green', 'Luc Mbah a Moute', 'Pablo Prigioni']",Andre Miller,84.40919518470764,Derrick Favors,13.0,0.04231691733002663,False
2016,POR,MIA,20,"['Al-Farouq Aminu', 'Damian Lillard', 'Mason Plumlee', 'Maurice Harkless']","['Goran Dragic', 'Hassan Whiteside', 'Josh Richardson', 'Justise Winslow', 'Luol Deng']",LaMarcus Aldridge,14.129166305065155,Gerald Henderson,189.0,0.00022828228247817606,False
2016,NYK,HOU,21,"['Jose Calderon', 'Kristaps Porzingis', 'Lance Thomas', 'Robin Lopez']","['Clint Capela', 'James Harden', 'Jason Terry', 'Terrence Jones', 'Trevor Ariza']",David Lee,15.417149662971497,Arron Afflalo,101.0,0.06623729318380356,False
2016,MIA,NOP,33,"['Gerald Green', 'Goran Dragic', 'Justise Winslow', 'Luol Deng']","['Anthony Davis', 'Eric Gordon', 'Jrue Holiday', 'Norris Cole', 'Ryan Anderson']",Joel Anthony,10.06571501493454,Chris Bosh,52.0,0.2197922170162201,False
2016,IND,TOR,20,"['C.J. Miles', 'George Hill', 'Monta Ellis', 'Paul George']","['Bismack Biyombo', 'DeMar DeRozan', 'James Johnson', 'Kyle Lowry', 'Norman Powell']",Tyler Hansbrough,17.196621000766754,Lavoy Allen,44.0,0.13571897149085999,False
2016,CHI,PHO,16,"['Derrick Rose', ""E'Twaun Moore"", 'Joakim Noah', 'Tony Snell']","['Brandon Knight', 'Devin Booker', 'Jon Leuer', 'Mirza Teletovic', 'T.J. Warren']",Derrick Rose,57.64321684837341,Taj Gibson,48.0,4.893057621302432e-07,False
2016,CLE,ATL,18,"['Jared Cunningham', 'Kevin Love', 'LeBron James', 'Richard Jefferson']","['Jeff Teague', 'Lamar Patterson', 'Mike Muscala', 'Paul Millsap', 'Thabo Sefolosha']",Antawn Jamison,18.924549221992493,Tristan Thompson,62.0,0.06811622530221939,False
2016,CLE,BRK,18,"['Kevin Love', 'Kyrie Irving', 'LeBron James', 'Tristan Thompson']","['Chris McCullough', 'Donald Sloan', 'Markel Brown', 'Sean Kilpatrick', 'Thomas Robinson']",Hedo Turkoglu,86.1229419708252,J.R. Smith,36.0,6.611083591678835e-08,False
2016,IND,MEM,19,"['Ian Mahinmi', 'Jordan Hill', 'Paul George', 'Rodney Stuckey']","['Courtney Lee', 'Marc Gasol', 'Mike Conley', 'Tony Allen', 'Zach Randolph']",Travis Diener,9.860050678253174,George Hill,4.0,7.885665416717529,False
2016,ATL,NYK,7,"['Jeff Teague', 'Kent Bazemore', 'Paul Millsap', 'Thabo Sefolosha']","['Arron Afflalo', 'Carmelo Anthony', 'Lance Thomas', 'Langston Galloway', 'Robin Lopez']",Joe Johnson,17.165735363960266,Tiago Splitter,354.0,0.0003712785546667874,False
2016,BOS,TOR,17,"['Avery Bradley', 'Jonas Jerebko', 'Marcus Smart', 'Terry Rozier']","['Bismack Biyombo', 'DeMar DeRozan', 'Delon Wright', 'Jason Thompson', 'Terrence Ross']",Rasheed Wallace,13.096681237220764,Tyler Zeller,78.0,0.04817785695195198,False
2016,NYK,PHO,8,"['Arron Afflalo', 'Kristaps Porzingis', 'Langston Galloway', 'Robin Lopez']","['Jordan McRae', 'Mirza Teletovic', 'P.J. Tucker', 'Sonny Weems', 'Tyson Chandler']",Carmelo Anthony,11.302394419908524,Carmelo Anthony,1.0,11.30239486694336,True
2016,TOR,UTA,26,"['James Johnson', 'Jonas Valanciunas', 'Kyle Lowry', 'Luis Scola']","['Derrick Favors', 'Gordon Hayward', 'Joe Ingles', 'Shelvin Mack', 'Trevor Booker']",Jose Calderon,21.76879793405533,DeMar DeRozan,2.0,15.897579193115234,False
2016,TOR,MIA,9,"['DeMar DeRozan', 'Jonas Valanciunas', 'Kyle Lowry', 'Patrick Patterson']","['Chris Bosh', 'Gerald Green', 'Josh Richardson', 'Justise Winslow', 'Tyler Johnson']",Jason Richardson,70.91062664985657,Terrence Ross,23.0,0.0005991520010866225,False
2016,TOR,NOP,22,"['Cory Joseph', 'DeMarre Carroll', 'Jonas Valanciunas', 'Luis Scola']","['Alonzo Gee', 'Eric Gordon', 'Ish Smith', 'Omer Asik', 'Ryan Anderson']",Kyle Lowry,21.014858782291412,DeMar DeRozan,2.0,14.066121101379395,False
2016,BRK,CLE,13,"['Andrea Bargnani', 'Sergey Karasev', 'Shane Larkin', 'Willie Reed']","['Iman Shumpert', 'James Jones', 'Kyrie Irving', 'Richard Jefferson', 'Tristan Thompson']",Deron Williams,25.958040356636047,Bojan Bogdanovic,28.0,0.034791041165590286,False
2016,ATL,LAL,20,"['Jeff Teague', 'Mike Scott', 'Paul Millsap', 'Thabo Sefolosha']","[""D'Angelo Russell"", 'Jordan Clarkson', 'Julius Randle', 'Kobe Bryant', 'Roy Hibbert']",Ronald Murray,32.49846696853638,Kyle Korver,17.0,0.3494918942451477,False
2016,PHO,MIN,13,"['Devin Booker', 'Eric Bledsoe', 'T.J. Warren', 'Tyson Chandler']","['Gorgui Dieng', 'Nemanja Bjelica', 'Shabazz Muhammad', 'Tayshaun Prince', 'Zach LaVine']",Jason Richardson,39.73365128040314,Mirza Teletovic,894.0,1.840712195814758e-18,False
2016,LAL,DEN,11,"['Julius Randle', 'Larry Nance', 'Lou Williams', 'Marcelo Huertas']","['D.J. Augustin', 'JaKarr Sampson', 'Joffrey Lauvergne', 'Jusuf Nurkic', 'Will Barton']",Derek Fisher,81.23946785926819,Brandon Bass,179.0,3.253979752315672e-09,False
2016,NYK,PHO,16,"['Arron Afflalo', 'Carmelo Anthony', 'Kristaps Porzingis', 'Langston Galloway']","['Jon Leuer', 'Jordan McRae', 'Markieff Morris', 'Mirza Teletovic', 'T.J. Warren']",Amar'e Stoudemire,34.1499388217926,Lance Thomas,270.0,8.384934335481375e-05,False
2016,WAS,DEN,32,"['Bradley Beal', 'Garrett Temple', 'Jared Dudley', 'Marcin Gortat']","['Danilo Gallinari', 'Emmanuel Mudiay', 'Gary Harris', 'Kenneth Faried', 'Nikola Jokic']",Trevor Booker,16.775667667388916,John Wall,26.0,0.2009517103433609,False
2016,POR,DAL,47,"['CJ McCollum', 'Damian Lillard', 'Ed Davis', 'Meyers Leonard']","['Charlie Villanueva', 'Deron Williams', 'Dirk Nowitzki', 'Raymond Felton', 'Wesley Matthews']",Travis Outlaw,18.20264905691147,Allen Crabbe,268.0,0.0012957807630300522,False
2016,PHI,BRK,44,"['Carl Landry', 'Isaiah Canaan', 'Ish Smith', 'Nerlens Noel']","['Brook Lopez', 'Donald Sloan', 'Sean Kilpatrick', 'Thaddeus Young', 'Wayne Ellington']",Andre Miller,11.961925029754639,Hollis Thompson,84.0,0.0022284267470240593,False
2016,MEM,DEN,45,"['Jeff Green', 'Mario Chalmers', 'Tony Allen', 'Zach Randolph']","['Danilo Gallinari', 'Darrell Arthur', 'Gary Harris', 'Jameer Nelson', 'Jusuf Nurkic']",Marc Gasol,29.34163808822632,Matt Barnes,422.0,8.612346391601022e-07,False
2016,IND,NYK,46,"['George Hill', 'Ian Mahinmi', 'Rodney Stuckey', 'Ty Lawson']","['Cleanthony Early', 'Jerian Grant', 'Kevin Seraphin', 'Langston Galloway', 'Lou Amundson']",Danny Granger,38.04907500743866,Solomon Hill,33.0,0.11518322676420212,False
2016,LAC,LAL,6,"['Chris Paul', 'DeAndre Jordan', 'J.J. Redick', 'Wesley Johnson']","[""D'Angelo Russell"", 'Julius Randle', 'Kobe Bryant', 'Marcelo Huertas', 'Tarik Black']",Lamar Odom,4.562769830226898,Luc Mbah a Moute,595.0,0.00031427174690179527,False
2016,LAC,GSW,13,"['Austin Rivers', 'DeAndre Jordan', 'Jamal Crawford', 'Josh Smith']","['Andre Iguodala', 'Brandon Rush', 'Draymond Green', 'Festus Ezeli', 'Stephen Curry']",Ryan Gomes,30.182576179504395,Wesley Johnson,57.0,1.5768272305649589e-06,False
2016,MIA,DEN,20,"['Dwyane Wade', 'Josh McRoberts', 'Justise Winslow', 'Luol Deng']","['D.J. Augustin', 'Darrell Arthur', 'Gary Harris', 'JaKarr Sampson', 'Kenneth Faried']",Udonis Haslem,36.027348041534424,Josh Richardson,572.0,2.905092182439728e-12,False
2016,WAS,IND,24,"['Garrett Temple', 'Gary Neal', 'John Wall', 'Marcin Gortat']","['C.J. Miles', 'George Hill', 'Jordan Hill', 'Monta Ellis', 'Paul George']",Drew Gooden,17.177309095859528,Bradley Beal,39.0,0.0454629510641098,False
2016,CLE,SAS,22,"['J.R. Smith', 'Kevin Love', 'LeBron James', 'Matthew Dellavedova']","['Boris Diaw', 'David West', 'Kawhi Leonard', 'Manu Ginobili', 'Tony Parker']",Anderson Varejao,27.979856729507446,Tristan Thompson,39.0,0.11457033455371857,False
2016,WAS,MIA,7,"['Garrett Temple', 'John Wall', 'Kelly Oubre', 'Marcin Gortat']","['Chris Bosh', 'Hassan Whiteside', 'Josh Richardson', 'Justise Winslow', 'Tyler Johnson']",Drew Gooden,99.67918992042542,Nene Hilario,9.0,0.0004654895165003836,False
2016,MIA,TOR,19,"['Gerald Green', 'Goran Dragic', 'Hassan Whiteside', 'Luol Deng']","['Bismack Biyombo', 'DeMar DeRozan', 'Kyle Lowry', 'Luis Scola', 'Terrence Ross']",Dwyane Wade,19.552260637283325,Dwyane Wade,1.0,19.552261352539062,True
2016,CHO,UTA,13,"['Frank Kaminsky', 'Jeremy Lin', 'Nicolas Batum', 'P.J. Hairston']","['Chris Johnson', 'Jeff Withey', 'Rodney Hood', 'Trevor Booker', 'Trey Burke']",Bismack Biyombo,2.7196938171982765,Spencer Hawes,478.0,0.025593236088752747,False
2016,HOU,PHI,6,"['Dwight Howard', 'Patrick Beverley', 'Terrence Jones', 'Trevor Ariza']","['JaKarr Sampson', 'Jerami Grant', 'Richaun Holmes', 'Robert Covington', 'T.J. McConnell']",Rafer Alston,22.400179505348206,James Harden,15.0,1.5208488702774048,False
2016,POR,SAC,9,"['Al-Farouq Aminu', 'Allen Crabbe', 'Ed Davis', 'Meyers Leonard']","['James Anderson', 'Kosta Koufos', 'Marco Belinelli', 'Rajon Rondo', 'Willie Cauley-Stein']",Martell Webster,12.58542537689209,Damian Lillard,44.0,0.21610045433044434,False
2016,POR,UTA,23,"['Al-Farouq Aminu', 'CJ McCollum', 'Damian Lillard', 'Mason Plumlee']","['Gordon Hayward', 'Jeff Withey', 'Rodney Hood', 'Trevor Booker', 'Trey Burke']",Wesley Matthews,15.574020147323608,Gerald Henderson,384.0,2.905961309807026e-06,False
2016,ORL,LAC,20,"['Aaron Gordon', 'Elfrid Payton', 'Evan Fournier', 'Victor Oladipo']","['Chris Paul', 'DeAndre Jordan', 'J.J. Redick', 'Jamal Crawford', 'Paul Pierce']",Rashard Lewis,27.74275243282318,Nikola Vucevic,28.0,0.052958495914936066,False
2016,CHI,TOR,22,"['Bobby Portis', 'Derrick Rose', 'Doug McDermott', 'Tony Snell']","['Cory Joseph', 'DeMar DeRozan', 'Jonas Valanciunas', 'Luis Scola', 'Terrence Ross']",Joakim Noah,44.28043067455292,Pau Gasol,22.0,0.33611682057380676,False
2016,CHI,HOU,25,"['Derrick Rose', 'Jimmy Butler', 'Mike Dunleavy', 'Taj Gibson']","['Donatas Motiejunas', 'Dwight Howard', 'James Harden', 'Patrick Beverley', 'Trevor Ariza']",Joakim Noah,45.94959616661072,Pau Gasol,17.0,0.1646764725446701,False
2016,MIA,DET,9,"['Beno Udrih', 'Hassan Whiteside', 'Justise Winslow', 'Luol Deng']","['Aron Baynes', 'Ersan Ilyasova', 'Marcus Morris', 'Reggie Jackson', 'Stanley Johnson']",Mario Chalmers,34.2969536781311,Dwyane Wade,3.0,12.666362762451172,False
2016,BOS,CHO,47,"['James Young', 'Jonas Jerebko', 'Terry Rozier', 'Tyler Zeller']","['Al Jefferson', 'Courtney Lee', 'Jeremy Lin', 'Kemba Walker', 'Marvin Williams']",Paul Pierce,25.298961997032166,R.J. Hunter,,,False
2016,CLE,CHI,12,"['Iman Shumpert', 'Kyrie Irving', 'Mo Williams', 'Tristan Thompson']","['Bobby Portis', 'Derrick Rose', 'Doug McDermott', 'Jimmy Butler', 'Nikola Mirotic']",Mo Williams,58.06649327278137,Kevin Love,45.0,0.0002575658727437258,False
2016,CHO,PHO,11,"['Al Jefferson', 'Jeremy Lamb', 'Jeremy Lin', 'Kemba Walker']","['Archie Goodwin', 'Devin Booker', 'Jon Leuer', 'Mirza Teletovic', 'Phil Pressey']",Mo Williams,60.77658534049988,Frank Kaminsky,507.0,4.077460270946429e-18,False
2016,IND,BRK,24,"['C.J. Miles', 'Ian Mahinmi', 'Paul George', 'Rodney Stuckey']","['Bojan Bogdanovic', 'Brook Lopez', 'Jarrett Jack', 'Joe Johnson', 'Thaddeus Young']",Danny Granger,8.17623883485794,Monta Ellis,341.0,0.0001864621153799817,False
2016,MIN,PHO,16,"['Greg Smith', 'Shabazz Muhammad', 'Tayshaun Prince', 'Tyus Jones']","['Alex Len', 'Brandon Knight', 'Jon Leuer', 'P.J. Tucker', 'Ronnie Price']",Ricky Rubio,37.327587604522705,Nemanja Bjelica,647.0,2.1186680610862235e-13,False
2016,BRK,CHO,20,"['Joe Johnson', 'Thaddeus Young', 'Wayne Ellington', 'Willie Reed']","['Al Jefferson', 'Courtney Lee', 'Kemba Walker', 'Marvin Williams', 'Nicolas Batum']",Andrei Kirilenko,12.786148488521576,Donald Sloan,220.0,0.0004883866058662534,False
2016,TOR,CHO,21,"['DeMar DeRozan', 'DeMarre Carroll', 'Kyle Lowry', 'Luis Scola']","['Frank Kaminsky', 'Jeremy Lamb', 'Kemba Walker', 'Marvin Williams', 'Nicolas Batum']",Andrea Bargnani,33.341607451438904,Jonas Valanciunas,78.0,0.0051711201667785645,False
2016,DAL,DET,13,"['David Lee', 'Dirk Nowitzki', 'J.J. Barea', 'Raymond Felton']","['Aron Baynes', 'Kentavious Caldwell-Pope', 'Reggie Bullock', 'Steve Blake', 'Tobias Harris']",Jason Terry,22.492580115795135,Devin Harris,40.0,0.06722074747085571,False
2016,NOP,ORL,24,"['Anthony Davis', 'Eric Gordon', 'Jrue Holiday', 'Ryan Anderson']","['C.J. Watson', 'Evan Fournier', 'Jason Smith', 'Nikola Vucevic', 'Victor Oladipo']",Tyreke Evans,17.144043743610382,Ish Smith,99.0,0.023177921772003174,False
2016,BRK,NYK,20,"['Brook Lopez', 'Donald Sloan', 'Joe Johnson', 'Thaddeus Young']","['Arron Afflalo', 'Carmelo Anthony', 'Jose Calderon', 'Kristaps Porzingis', 'Robin Lopez']",Joe Johnson,29.332664608955383,Wayne Ellington,220.0,5.8174698835955496e-08,False
